"Car","Class","Driver","Lap","Lap Time","Session Time","Flag","Location","S01","S02","S03","S04","S05","S06","S07","S08","S09","S10","S11","S12","SPI"
"96","GTD","Cameron Lawrence","1","2:19.341","2:19.341","Green","Track","0.000","30.996","24.178","8.710","7.211","7.840","12.020","7.323","6.380","5.289","0.476","3.036","171.887"
"82","GTD","Miguel Molina","1","2:20.280","2:20.280","Green","Track","336.837","28.448","23.345","8.015","6.433","6.641","11.162","7.240","6.284","5.214","0.468","2.977","174.825"
"33","GTD","Ben Keating","1","2:22.405","2:22.405","Green","Track","0.000","33.107","25.386","8.095","6.554","6.326","11.518","7.412","6.464","5.268","0.473","3.002","172.977"
"29","GTD","Sheldon van der Linde","1","2:22.896","2:22.896","Green","Track","30.417","29.181","23.536","8.059","6.574","6.421","11.284","7.412","6.464","5.312","0.476","3.021","171.887"
"63","GTD","Alessandro Balzan","1","2:24.430","2:24.430","Green","Track","450.629","29.230","23.200","7.953","6.460","6.204","11.258","7.369","6.390","5.238","0.469","2.990","174.452"
"64","GTD","Sam Bird","1","2:25.340","2:25.340","Green","Track","0.000","0.000","0.000","7.897","6.425","6.215","11.080","7.291","6.305","5.186","0.467","2.968","175.200"
"86","GTD","Alvaro Parente","1","2:38.020","2:38.020","Green","Track","39.519","32.715","23.642","7.932","6.511","6.177","10.804","7.262","6.399","5.323","0.480","3.031","170.455"
"93","GTD","CÃ´me Ledogar","1","2:38.726","2:38.726","Green","Track","39.219","33.016","23.298","7.903","6.467","6.169","10.944","7.297","6.370","5.279","0.475","3.015","172.249"
"44","GTD","Andy Lally","1","2:40.235","2:40.235","Green","Track","36.697","32.274","22.842","7.996","6.517","6.117","11.213","7.406","6.397","5.231","0.467","2.986","175.200"
"19","GTD","Christopher Lenz","1","2:53.824","2:53.824","Green","Track","37.341","37.564","23.590","8.359","6.961","6.618","13.199","7.850","6.602","5.371","0.482","3.128","169.747"
"15","GTD","Jack Hawksworth","1","2:57.560","2:57.560","Green","Track","38.325","41.998","27.017","8.350","6.641","6.278","11.724","7.453","6.444","5.310","0.479","3.023","170.810"
"69","GTD","Ryan Eversley","1","2:58.791","2:58.791","Green","Track","34.796","39.795","26.855","8.335","7.185","6.774","11.274","7.381","6.432","5.361","0.482","3.063","169.747"
"75","GTD","Kenny Habul","1","2:59.711","2:59.711","Green","Track","0.000","39.187","26.442","8.307","7.669","7.114","11.117","7.460","6.437","5.300","0.476","3.035","171.887"
"14","GTD","Dominik Baumann","1","3:14.044","3:14.044","Green","Track","30.282","30.588","24.387","8.123","6.516","6.297","11.955","7.390","6.402","5.287","0.473","3.023","172.977"
"58","GTD","Robert Renauer","1","3:17.848","3:17.848","Green","Track","30.088","31.328","24.045","7.970","6.512","6.228","11.841","7.395","6.398","5.271","0.473","3.023","172.977"
"59","GTD","Sven Muller","1","3:21.520","3:21.520","Green","Track","227.404","31.933","23.104","8.300","6.771","7.245","11.276","7.332","6.469","5.342","0.479","3.039","170.810"
"51","GTD","Daniel Serra","1","3:26.162","3:26.162","Green","Track","0.000","31.319","23.362","8.065","6.443","7.357","12.011","7.378","6.370","5.229","0.471","2.984","173.712"
"48","GTD","Bryce Miller","1","3:44.667","3:44.667","Green","Track","275.512","32.365","23.838","8.178","6.515","6.206","11.377","7.486","6.600","5.348","0.476","3.017","171.887"
"73","GTD","Timothy Pappas","1","3:56.303","3:56.303","Green","Pit","369.653","33.312","28.382","8.600","8.461","19.079","26.111","22.813","23.901","23.672","0.000","0.000","0.000"
"11","GTD","Mirko Bortolotti","1","3:58.204","3:58.204","Green","Track","29.082","29.872","22.967","7.881","6.361","6.665","11.235","7.289","6.281","5.165","0.462","2.951","177.096"
"82","GTD","Miguel Molina","2","1:50.690","4:10.970","Green","Track","12.380","24.720","21.147","7.794","6.313","5.970","10.288","7.164","6.262","5.204","0.468","2.980","174.825"
"96","GTD","Cameron Lawrence","2","1:52.565","4:11.906","Green","Track","12.032","25.244","22.723","7.755","6.357","6.168","10.288","7.145","6.231","5.179","0.466","2.977","175.575"
"29","GTD","Sheldon van der Linde","2","1:50.748","4:13.644","Green","Track","12.028","24.902","21.019","7.869","6.442","5.993","10.139","7.299","6.364","5.236","0.469","2.988","174.452"
"63","GTD","Alessandro Balzan","2","1:52.400","4:16.830","Green","Track","11.848","25.065","21.550","7.798","6.423","6.705","10.820","7.236","6.287","5.212","0.467","2.989","175.200"
"33","GTD","Ben Keating","2","1:55.266","4:17.671","Green","Track","12.173","26.489","22.526","7.860","6.475","6.307","11.084","7.325","6.354","5.210","0.469","2.994","174.452"
"64","GTD","Sam Bird","2","1:58.535","4:23.875","Green","Track","12.635","28.496","22.077","7.931","6.640","7.897","10.796","7.193","6.254","5.178","0.466","2.972","175.575"
"86","GTD","Alvaro Parente","2","1:54.282","4:32.302","Green","Track","12.136","25.119","23.192","7.873","6.465","6.325","10.831","7.157","6.350","5.309","0.480","3.045","170.455"
"93","GTD","CÃ´me Ledogar","2","1:55.223","4:33.949","Green","Track","12.023","25.073","23.735","7.766","6.404","6.149","11.748","7.243","6.324","5.265","0.476","3.017","171.887"
"44","GTD","Andy Lally","2","1:54.697","4:34.932","Green","Track","11.680","25.011","23.929","7.963","6.512","6.025","11.051","7.374","6.431","5.246","0.471","3.004","173.712"
"19","GTD","Christopher Lenz","2","1:54.594","4:48.418","Green","Track","12.738","25.731","21.934","7.954","6.413","6.037","11.437","7.364","6.341","5.204","0.466","2.975","175.575"
"15","GTD","Jack Hawksworth","2","1:54.334","4:51.894","Green","Track","12.036","26.806","22.872","7.890","6.437","6.021","10.058","7.179","6.324","5.243","0.470","2.998","174.081"
"75","GTD","Kenny Habul","2","1:52.718","4:52.429","Green","Track","12.391","25.662","21.806","7.789","6.411","6.203","10.239","7.207","6.319","5.226","0.470","2.995","174.081"
"69","GTD","Ryan Eversley","2","1:54.714","4:53.505","Green","Track","12.325","26.221","23.385","7.826","6.435","6.015","10.312","7.210","6.308","5.204","0.470","3.003","174.081"
"14","GTD","Dominik Baumann","2","1:52.151","5:06.195","Green","Track","12.559","24.973","21.920","7.802","6.397","6.006","10.257","7.200","6.322","5.242","0.470","3.003","174.081"
"58","GTD","Robert Renauer","2","1:51.605","5:09.453","Green","Track","12.436","24.986","21.240","7.740","6.377","6.037","10.445","7.291","6.349","5.227","0.471","3.006","173.712"
"59","GTD","Sven Muller","2","1:50.610","5:12.130","Green","Track","11.858","24.863","20.916","7.739","6.364","5.977","10.170","7.577","6.436","5.249","0.470","2.991","174.081"
"51","GTD","Daniel Serra","2","1:52.710","5:18.872","Green","Track","12.455","24.758","21.837","7.847","6.367","7.033","10.515","7.126","6.224","5.143","0.462","2.943","177.096"
"48","GTD","Bryce Miller","2","1:52.653","5:37.320","Green","Track","12.173","26.195","21.364","7.835","6.400","6.011","10.421","7.271","6.338","5.211","0.467","2.967","175.200"
"11","GTD","Mirko Bortolotti","2","1:50.703","5:48.907","Green","Track","11.966","24.774","20.984","7.714","6.290","6.163","10.851","7.197","6.244","5.131","0.458","2.931","178.642"
"82","GTD","Miguel Molina","3","1:48.195","5:59.165","Green","Track","11.610","24.127","20.720","7.687","6.268","5.920","9.972","7.078","6.223","5.174","0.465","2.951","175.953"
"96","GTD","Cameron Lawrence","3","1:48.691","6:00.597","Green","Track","11.702","24.350","20.924","7.665","6.275","5.974","9.946","7.061","6.207","5.163","0.464","2.960","176.332"
"29","GTD","Sheldon van der Linde","3","1:48.908","6:02.552","Green","Track","11.553","24.246","20.690","7.806","6.412","5.983","9.978","7.232","6.345","5.225","0.468","2.970","174.825"
"63","GTD","Alessandro Balzan","3","1:47.992","6:04.822","Green","Track","11.444","23.994","20.596","7.731","6.303","5.937","9.972","7.155","6.242","5.181","0.464","2.973","176.332"
"33","GTD","Ben Keating","3","1:49.950","6:07.621","Green","Track","11.915","24.370","20.925","7.824","6.458","6.006","10.167","7.296","6.315","5.220","0.469","2.985","174.452"
"64","GTD","Sam Bird","3","1:49.253","6:13.128","Green","Track","11.829","24.496","21.025","7.764","6.285","5.899","10.003","7.150","6.242","5.150","0.462","2.948","177.096"
"86","GTD","Alvaro Parente","3","1:49.001","6:21.303","Green","Track","11.599","24.094","20.930","7.719","6.381","6.069","9.945","7.172","6.346","5.276","0.475","2.995","172.249"
"44","GTD","Andy Lally","3","1:47.940","6:22.872","Green","Track","11.275","24.321","20.809","7.781","6.376","5.904","9.698","7.119","6.209","5.085","0.458","2.905","178.642"
"93","GTD","CÃ´me Ledogar","3","1:49.017","6:22.966","Green","Track","11.618","24.250","20.711","7.752","6.389","6.036","10.062","7.208","6.316","5.208","0.470","2.997","174.081"
"15","GTD","Jack Hawksworth","3","1:50.053","6:41.947","Green","Track","11.206","23.950","20.518","7.650","6.373","5.974","11.854","7.427","6.381","5.256","0.471","2.993","173.712"
"69","GTD","Ryan Eversley","3","1:48.959","6:42.464","Green","Track","11.608","24.110","20.696","7.737","6.426","6.059","10.172","7.204","6.297","5.203","0.465","2.982","175.953"
"19","GTD","Christopher Lenz","3","1:54.619","6:43.037","Green","Track","12.199","25.175","21.441","7.841","6.366","5.919","12.028","7.857","6.553","5.615","0.493","3.132","165.960"
"75","GTD","Kenny Habul","3","1:51.838","6:44.267","Green","Track","12.995","24.742","21.271","7.922","6.444","6.021","10.162","7.258","6.338","5.225","0.468","2.992","174.825"
"14","GTD","Dominik Baumann","3","1:47.800","6:53.995","Green","Track","11.479","23.844","20.472","7.740","6.367","6.004","9.711","7.159","6.315","5.236","0.470","3.003","174.081"
"58","GTD","Robert Renauer","3","1:48.750","6:58.203","Green","Track","11.628","24.139","20.510","7.745","6.382","5.984","10.112","7.263","6.294","5.224","0.469","3.000","174.452"
"59","GTD","Sven Muller","3","1:48.409","7:00.539","Green","Track","11.638","24.523","20.494","7.699","6.323","5.936","9.742","7.172","6.272","5.179","0.465","2.966","175.953"
"51","GTD","Daniel Serra","3","1:46.828","7:05.700","Green","Track","11.465","23.760","20.371","7.598","6.245","5.869","9.812","7.041","6.174","5.112","0.459","2.922","178.253"
"48","GTD","Bryce Miller","3","1:49.380","7:26.700","Green","Track","11.804","24.525","20.768","7.766","6.371","5.955","10.092","7.186","6.290","5.196","0.467","2.960","175.200"
"11","GTD","Mirko Bortolotti","3","1:51.639","7:40.546","Green","Track","11.716","24.158","20.622","7.738","6.269","7.842","11.404","7.155","6.208","5.132","0.460","2.935","177.866"
"82","GTD","Miguel Molina","4","1:47.701","7:46.866","Green","Track","11.795","23.839","20.599","7.670","6.257","5.891","9.783","7.076","6.209","5.169","0.465","2.948","175.953"
"96","GTD","Cameron Lawrence","4","1:48.534","7:49.131","Green","Track","11.545","24.320","20.797","7.642","6.284","5.955","10.044","7.123","6.216","5.176","0.466","2.966","175.575"
"29","GTD","Sheldon van der Linde","4","1:48.084","7:50.636","Green","Track","11.319","23.920","20.538","7.818","6.403","5.960","9.913","7.237","6.326","5.216","0.467","2.967","175.200"
"63","GTD","Alessandro Balzan","4","1:47.560","7:52.382","Green","Track","11.318","23.955","20.502","7.732","6.297","5.894","9.894","7.149","6.223","5.172","0.464","2.960","176.332"
"33","GTD","Ben Keating","4","1:48.903","7:56.524","Green","Track","11.670","23.964","20.739","7.799","6.458","6.012","10.102","7.155","6.312","5.229","0.472","2.991","173.344"
"64","GTD","Sam Bird","4","1:48.462","8:01.590","Green","Track","11.540","24.187","20.766","7.767","6.270","5.884","10.094","7.171","6.224","5.146","0.463","2.950","176.713"
"86","GTD","Alvaro Parente","4","1:47.751","8:09.054","Green","Track","11.321","23.858","20.410","7.681","6.395","6.057","9.847","7.119","6.311","5.265","0.476","3.011","171.887"
"44","GTD","Andy Lally","4","1:47.558","8:10.430","Green","Track","11.266","24.078","20.516","7.760","6.382","5.938","9.682","7.108","6.253","5.167","0.465","2.943","175.953"
"93","GTD","CÃ´me Ledogar","4","1:50.018","8:12.984","Green","Track","12.141","24.641","20.609","7.731","6.449","6.109","9.984","7.184","6.353","5.301","0.479","3.037","170.810"
"15","GTD","Jack Hawksworth","4","1:47.244","8:29.191","Green","Track","11.345","23.798","20.316","7.713","6.380","6.026","9.556","7.129","6.303","5.221","0.469","2.988","174.452"
"69","GTD","Ryan Eversley","4","1:48.763","8:31.227","Green","Track","11.594","24.091","20.749","7.743","6.407","6.043","9.841","7.250","6.317","5.241","0.469","3.018","174.452"
"75","GTD","Kenny Habul","4","1:51.064","8:35.331","Green","Track","11.560","24.952","22.088","7.746","6.376","5.994","10.177","7.173","6.298","5.230","0.470","3.000","174.081"
"19","GTD","Christopher Lenz","4","1:53.807","8:36.844","Green","Track","12.320","25.591","21.604","7.867","6.380","6.544","11.356","7.298","6.284","5.157","0.462","2.944","177.096"
"14","GTD","Dominik Baumann","4","1:47.236","8:41.231","Green","Track","11.268","23.903","20.435","7.678","6.355","5.981","9.602","7.081","6.261","5.207","0.468","2.997","174.825"
"58","GTD","Robert Renauer","4","1:48.268","8:46.471","Green","Track","11.663","23.895","20.491","7.774","6.379","5.957","9.892","7.253","6.269","5.215","0.470","3.010","174.081"
"59","GTD","Sven Muller","4","1:48.020","8:48.559","Green","Track","11.313","23.909","20.718","7.770","6.333","5.915","9.978","7.217","6.250","5.173","0.466","2.978","175.575"
"51","GTD","Daniel Serra","4","1:46.407","8:52.107","Green","Track","11.325","23.603","20.387","7.608","6.236","5.839","9.777","7.012","6.137","5.103","0.457","2.923","179.033"
"48","GTD","Bryce Miller","4","1:49.089","9:15.789","Green","Track","11.784","24.497","20.725","7.758","6.357","5.940","10.006","7.139","6.272","5.183","0.466","2.962","175.575"
"11","GTD","Mirko Bortolotti","4","1:47.206","9:27.752","Green","Track","11.414","23.907","20.386","7.711","6.262","5.853","9.871","7.116","6.183","5.114","0.458","2.931","178.642"
"82","GTD","Miguel Molina","5","1:46.967","9:33.833","Green","Track","11.323","23.697","20.492","7.642","6.262","5.871","9.819","7.078","6.207","5.165","0.464","2.947","176.332"
"96","GTD","Cameron Lawrence","5","1:48.007","9:37.138","Green","Track","11.670","23.931","20.770","7.629","6.296","5.951","9.864","7.075","6.211","5.176","0.467","2.967","175.200"
"29","GTD","Sheldon van der Linde","5","1:47.975","9:38.611","Green","Track","11.388","23.818","20.561","7.816","6.392","5.939","9.867","7.241","6.321","5.205","0.467","2.960","175.200"
"63","GTD","Alessandro Balzan","5","1:47.055","9:39.437","Green","Track","11.199","23.795","20.478","7.761","6.295","5.891","9.773","7.127","6.208","5.135","0.462","2.931","177.096"
"33","GTD","Ben Keating","5","1:48.405","9:44.929","Green","Track","11.513","23.977","20.562","7.747","6.415","6.021","10.050","7.131","6.305","5.223","0.470","2.991","174.081"
"64","GTD","Sam Bird","5","1:50.787","9:52.377","Green","Track","13.334","24.342","21.166","7.814","6.302","5.888","9.982","7.156","6.220","5.156","0.463","2.964","176.713"
"86","GTD","Alvaro Parente","5","1:47.484","9:56.538","Green","Track","11.328","23.683","20.467","7.650","6.377","6.027","9.784","7.132","6.304","5.254","0.475","3.003","172.249"
"44","GTD","Andy Lally","5","1:47.886","9:58.316","Green","Track","11.206","24.005","20.784","7.777","6.380","5.920","9.783","7.162","6.277","5.177","0.465","2.950","175.953"
"93","GTD","CÃ´me Ledogar","5","1:48.819","10:01.803","Green","Track","11.589","24.051","20.612","7.733","6.466","6.086","9.879","7.192","6.367","5.311","0.482","3.051","169.747"
"15","GTD","Jack Hawksworth","5","1:46.914","10:16.105","Green","Track","11.259","23.759","20.399","7.683","6.358","5.977","9.362","7.138","6.292","5.226","0.470","2.991","174.081"
"69","GTD","Ryan Eversley","5","1:48.421","10:19.648","Green","Track","11.501","23.961","20.475","7.745","6.388","6.021","10.027","7.192","6.326","5.265","0.467","3.053","175.200"
"75","GTD","Kenny Habul","5","1:48.480","10:23.811","Green","Track","11.511","24.119","20.743","7.774","6.418","5.990","9.819","7.117","6.290","5.234","0.471","2.994","173.712"
"19","GTD","Christopher Lenz","5","1:52.944","10:29.788","Green","Track","11.901","25.339","21.795","8.021","6.395","5.974","11.246","7.343","6.320","5.181","0.463","2.966","176.713"
"14","GTD","Dominik Baumann","5","1:51.280","10:32.511","Green","Track","11.520","23.851","20.574","7.665","6.449","8.098","10.962","7.166","6.296","5.225","0.469","3.005","174.452"
"58","GTD","Robert Renauer","5","1:47.687","10:34.158","Green","Track","11.499","23.766","20.470","7.761","6.310","5.927","9.801","7.207","6.256","5.215","0.469","3.006","174.452"
"59","GTD","Sven Muller","5","1:48.119","10:36.678","Green","Track","11.678","24.071","20.561","7.739","6.308","5.882","9.803","7.204","6.259","5.177","0.466","2.971","175.575"
"51","GTD","Daniel Serra","5","1:46.489","10:38.596","Green","Track","11.299","23.609","20.428","7.613","6.224","5.812","9.791","7.065","6.166","5.101","0.459","2.922","178.253"
"48","GTD","Bryce Miller","5","1:48.582","11:04.371","Green","Track","11.693","24.162","20.547","7.777","6.348","5.903","10.065","7.179","6.293","5.192","0.466","2.957","175.575"
"11","GTD","Mirko Bortolotti","5","1:46.898","11:14.650","Green","Track","11.325","23.796","20.343","7.706","6.247","5.814","9.822","7.131","6.197","5.123","0.459","2.935","178.253"
"82","GTD","Miguel Molina","6","1:46.773","11:20.606","Green","Track","11.325","23.747","20.361","7.635","6.235","5.859","9.756","7.083","6.193","5.160","0.465","2.954","175.953"
"96","GTD","Cameron Lawrence","6","1:47.674","11:24.812","Green","Track","11.500","23.908","20.670","7.602","6.283","5.954","9.852","7.072","6.227","5.173","0.467","2.966","175.200"
"29","GTD","Sheldon van der Linde","6","1:47.317","11:25.928","Green","Track","11.225","23.977","20.331","7.765","6.364","5.927","9.674","7.158","6.294","5.187","0.465","2.950","175.953"
"63","GTD","Alessandro Balzan","6","1:49.528","11:28.965","Green","Track","11.262","23.883","22.201","7.761","6.298","5.968","10.203","7.109","6.218","5.182","0.466","2.977","175.575"
"33","GTD","Ben Keating","6","1:48.305","11:33.234","Green","Track","11.477","23.949","20.793","7.658","6.345","6.003","9.929","7.165","6.293","5.229","0.470","2.994","174.081"
"64","GTD","Sam Bird","6","1:48.070","11:40.447","Green","Track","11.536","24.166","20.735","7.713","6.276","5.879","9.881","7.087","6.210","5.159","0.464","2.964","176.332"
"86","GTD","Alvaro Parente","6","1:47.251","11:43.789","Green","Track","11.333","23.758","20.352","7.642","6.349","6.024","9.675","7.088","6.289","5.253","0.475","3.013","172.249"
"44","GTD","Andy Lally","6","1:47.841","11:46.157","Green","Track","11.261","24.015","20.707","7.780","6.376","5.925","9.785","7.116","6.264","5.184","0.465","2.963","175.953"
"93","GTD","CÃ´me Ledogar","6","1:48.547","11:50.350","Green","Track","11.400","24.066","20.606","7.726","6.453","6.104","9.784","7.177","6.365","5.330","0.482","3.054","169.747"
"15","GTD","Jack Hawksworth","6","1:46.714","12:02.819","Green","Track","11.154","23.761","20.447","7.689","6.368","6.005","9.267","7.100","6.281","5.207","0.468","2.967","174.825"
"69","GTD","Ryan Eversley","6","1:48.037","12:07.685","Green","Track","11.538","23.882","20.532","7.720","6.393","6.037","9.725","7.180","6.307","5.244","0.475","3.004","172.249"
"75","GTD","Kenny Habul","6","1:52.759","12:16.570","Green","Track","11.836","23.987","24.890","7.753","6.382","5.988","9.856","7.114","6.278","5.223","0.470","2.982","174.081"
"19","GTD","Christopher Lenz","6","1:51.531","12:21.319","Green","Track","12.098","24.972","21.401","7.882","6.296","5.910","10.861","7.275","6.302","5.145","0.460","2.929","177.866"
"58","GTD","Robert Renauer","6","1:47.291","12:21.449","Green","Track","11.478","23.772","20.474","7.701","6.299","5.912","9.856","7.057","6.219","5.132","0.000","2.930","0.000"
"14","GTD","Dominik Baumann","6","1:50.671","12:23.182","Green","Track","11.333","23.943","20.750","7.711","6.343","7.629","10.991","7.089","6.249","5.194","0.466","2.973","175.575"
"59","GTD","Sven Muller","6","1:47.655","12:24.333","Green","Track","11.280","23.843","20.751","7.736","6.339","5.891","9.869","7.159","6.215","5.156","0.462","2.954","177.096"
"51","GTD","Daniel Serra","6","1:46.049","12:24.645","Green","Track","11.321","23.535","20.259","7.621","6.224","5.821","9.728","7.025","6.108","5.058","0.454","2.895","180.216"
"48","GTD","Bryce Miller","6","1:48.181","12:52.552","Green","Track","11.435","24.087","20.668","7.749","6.348","5.918","10.002","7.124","6.261","5.177","0.464","2.948","176.332"
"11","GTD","Mirko Bortolotti","6","1:46.914","13:01.564","Green","Track","11.372","23.712","20.438","7.711","6.259","5.815","9.843","7.088","6.183","5.112","0.457","2.924","179.033"
"82","GTD","Miguel Molina","7","1:46.759","13:07.365","Green","Track","11.217","23.793","20.368","7.673","6.245","5.844","9.853","7.037","6.195","5.141","0.463","2.930","176.713"
"96","GTD","Cameron Lawrence","7","1:47.624","13:12.436","Green","Track","11.475","24.029","20.639","7.619","6.290","5.934","9.819","7.031","6.206","5.160","0.464","2.958","176.332"
"29","GTD","Sheldon van der Linde","7","1:47.273","13:13.201","Green","Track","11.309","23.919","20.340","7.776","6.375","5.912","9.661","7.124","6.272","5.176","0.464","2.945","176.332"
"63","GTD","Alessandro Balzan","7","1:47.345","13:16.310","Green","Track","11.259","23.778","20.509","7.749","6.304","5.885","9.897","7.149","6.224","5.166","0.463","2.962","176.713"
"33","GTD","Ben Keating","7","1:48.262","13:21.496","Green","Track","11.519","24.080","20.580","7.692","6.372","5.988","9.948","7.148","6.276","5.209","0.469","2.981","174.452"
"86","GTD","Alvaro Parente","7","1:47.612","13:31.401","Green","Track","11.457","23.794","20.379","7.668","6.378","6.040","9.796","7.080","6.290","5.253","0.474","3.003","172.612"
"44","GTD","Andy Lally","7","1:47.475","13:33.632","Green","Track","11.247","23.990","20.556","7.762","6.371","5.921","9.720","7.077","6.251","5.171","0.465","2.944","175.953"
"64","GTD","Sam Bird","7","1:54.905","13:35.352","Green","Track","17.383","24.863","20.896","7.746","6.263","5.887","10.050","7.113","6.180","5.124","0.460","2.940","177.866"
"93","GTD","CÃ´me Ledogar","7","1:48.239","13:38.589","Green","Track","11.327","24.102","20.519","7.699","6.441","6.083","9.749","7.136","6.340","5.314","0.480","3.049","170.455"
"69","GTD","Ryan Eversley","7","1:47.862","13:55.547","Green","Track","11.366","24.109","20.343","7.725","6.384","6.025","9.777","7.131","6.289","5.238","0.473","3.002","172.977"
"75","GTD","Kenny Habul","7","1:48.463","14:05.033","Green","Track","11.480","24.202","20.853","7.722","6.346","5.950","9.808","7.132","6.271","5.225","0.470","3.004","174.081"
"58","GTD","Robert Renauer","7","1:47.750","14:09.199","Green","Track","11.542","23.867","20.406","7.785","6.311","5.934","9.825","7.155","6.264","5.196","0.469","2.996","174.452"
"14","GTD","Dominik Baumann","7","1:48.960","14:12.142","Green","Track","11.361","24.451","21.313","7.863","6.363","5.957","9.609","7.144","6.259","5.187","0.467","2.986","175.200"
"59","GTD","Sven Muller","7","1:49.662","14:13.995","Green","Track","11.995","24.902","21.033","7.783","6.343","5.885","9.751","7.166","6.231","5.148","0.463","2.962","176.713"
"19","GTD","Christopher Lenz","7","1:58.036","14:19.355","Green","Track","12.590","26.209","22.760","8.307","6.446","5.951","11.028","8.735","7.070","5.421","0.479","3.040","170.810"
"51","GTD","Daniel Serra","7","2:08.798","14:33.443","Green","Pit","11.533","26.456","21.911","8.111","6.470","6.080","10.470","7.259","6.269","9.678","0.000","0.000","0.000"
"48","GTD","Bryce Miller","7","1:48.666","14:41.218","Green","Track","11.508","24.215","20.843","7.724","6.327","5.905","10.092","7.154","6.275","5.193","0.467","2.963","175.200"
"11","GTD","Mirko Bortolotti","7","1:46.727","14:48.291","Green","Track","11.408","23.789","20.214","7.704","6.247","5.804","9.786","7.093","6.179","5.114","0.458","2.931","178.642"
"82","GTD","Miguel Molina","8","1:46.502","14:53.867","Green","Track","11.272","23.727","20.351","7.628","6.233","5.853","9.717","7.023","6.170","5.136","0.462","2.930","177.096"
"96","GTD","Cameron Lawrence","8","1:47.348","14:59.784","Green","Track","11.309","23.949","20.669","7.611","6.278","5.939","9.793","7.018","6.210","5.155","0.464","2.953","176.332"
"29","GTD","Sheldon van der Linde","8","1:47.304","15:00.505","Finish","Track","11.231","23.932","20.441","7.744","6.352","5.898","9.752","7.103","6.277","5.171","0.463","2.940","176.713"
"63","GTD","Alessandro Balzan","8","1:48.517","15:04.827","Finish","Track","11.672","24.406","20.613","7.708","6.289","5.921","10.020","7.065","6.208","5.173","0.466","2.976","175.575"
"33","GTD","Ben Keating","8","1:47.796","15:09.292","Finish","Track","11.459","23.874","20.514","7.660","6.375","6.002","9.881","7.081","6.286","5.214","0.469","2.981","174.452"
"86","GTD","Alvaro Parente","8","1:47.500","15:18.901","Finish","Track","11.400","23.712","20.454","7.644","6.371","6.034","9.745","7.111","6.296","5.255","0.477","3.001","171.527"
"44","GTD","Andy Lally","8","1:47.442","15:21.074","Finish","Track","11.255","24.056","20.509","7.768","6.387","5.945","9.595","7.097","6.253","5.176","0.465","2.936","175.953"
"64","GTD","Sam Bird","8","1:47.839","15:23.191","Finish","Track","11.470","24.094","20.802","7.712","6.276","5.884","9.848","7.075","6.177","5.126","0.460","2.915","177.866"
"93","GTD","CÃ´me Ledogar","8","1:48.727","15:27.316","Finish","Track","11.695","24.088","20.347","7.755","6.447","6.116","9.873","7.197","6.365","5.322","0.478","3.044","171.168"
"69","GTD","Ryan Eversley","8","1:47.900","15:43.447","Finish","Track","11.423","23.909","20.496","7.720","6.388","6.039","9.731","7.127","6.310","5.260","0.470","3.027","174.081"
"75","GTD","Kenny Habul","8","1:48.326","15:53.359","Finish","Track","11.502","24.149","20.739","7.747","6.344","5.959","9.833","7.104","6.266","5.225","0.468","2.990","174.825"
"58","GTD","Robert Renauer","8","1:48.164","15:57.363","Finish","Track","11.532","23.903","20.518","7.741","6.318","5.962","10.077","7.187","6.262","5.201","0.468","2.995","174.825"
"14","GTD","Dominik Baumann","8","1:47.186","15:59.328","Finish","Track","11.381","23.652","20.389","7.769","6.423","5.960","9.637","7.067","6.254","5.207","0.467","2.980","175.200"
"59","GTD","Sven Muller","8","1:47.587","16:01.582","Finish","Track","11.382","23.939","20.717","7.753","6.327","5.917","9.658","7.089","6.218","5.163","0.463","2.961","176.713"
"19","GTD","Christopher Lenz","8","1:52.508","16:11.863","Finish","Track","12.072","25.253","21.504","7.797","6.362","6.045","11.241","7.335","6.307","5.176","0.463","2.953","176.713"
"48","GTD","Bryce Miller","8","1:48.184","16:29.402","Finish","Track","11.508","23.912","20.836","7.720","6.342","5.921","9.984","7.108","6.267","5.179","0.466","2.941","175.575"
"11","GTD","Mirko Bortolotti","8","1:46.658","16:34.949","Finish","Track","11.378","23.661","20.373","7.716","6.251","5.821","9.713","7.088","6.170","5.106","0.458","2.923","178.642"
"82","GTD","Miguel Molina","9","1:46.546","16:40.413","Finish","Track","11.574","23.595","20.381","7.634","6.257","5.862","9.580","6.960","6.171","5.139","0.464","2.929","176.332"
"96","GTD","Cameron Lawrence","9","2:02.745","17:02.529","Finish","Pit","11.252","24.179","20.813","7.615","6.297","5.969","9.955","7.039","6.220","9.695","0.000","0.000","0.000"
"73","GTD","Timothy Pappas","2","14:59.397","18:55.700","Finish","Pit","369.653","33.312","28.382","8.600","8.461","19.079","26.111","22.813","23.901","23.672","0.000","0.000","0.000"
"4","GTLM","Oliver Gavin","1","27:20.873","27:20.873","Green","Track","28.135","26.976","21.693","7.845","6.464","6.117","10.105","7.207","6.387","5.273","0.475","3.014","172.249"
"3","GTLM","Jan Magnussen","1","27:22.502","27:22.502","Green","Track","28.490","26.867","21.200","7.681","6.390","6.402","10.706","7.232","6.321","5.233","0.469","2.981","174.452"
"25","GTLM","Alexander Sims","1","27:26.264","27:26.264","Green","Track","0.000","27.754","22.715","7.800","6.629","8.434","11.569","7.621","6.562","5.330","0.476","3.010","171.887"
"24","GTLM","John Edwards","1","27:28.941","27:28.941","Green","Track","0.000","27.891","21.422","7.782","6.452","7.275","12.066","7.406","7.022","5.667","0.496","3.119","164.956"
"911","GTLM","Patrick Pilet","1","27:51.172","27:51.172","Green","Track","29.649","29.257","22.136","7.797","6.397","6.138","10.522","7.270","6.277","5.187","0.467","2.974","175.200"
"62","GTLM","Toni Vilander","1","28:06.344","28:06.344","Green","Track","0.000","33.346","23.520","7.952","6.427","6.352","10.563","7.155","6.253","5.176","0.467","2.966","175.200"
"912","GTLM","Laurens Vanthoor","1","28:35.773","28:35.773","Green","Track","27.751","25.840","20.602","7.670","6.385","5.979","10.162","7.066","6.264","5.205","0.472","2.990","173.344"
"4","GTLM","Oliver Gavin","2","1:45.176","29:06.049","Green","Track","11.164","23.318","19.566","7.574","6.306","5.931","9.389","7.029","6.254","5.194","0.468","2.983","174.825"
"3","GTLM","Jan Magnussen","2","1:45.424","29:07.926","Green","Track","11.263","23.501","19.655","7.540","6.280","5.916","9.477","7.005","6.211","5.152","0.464","2.960","176.332"
"25","GTLM","Alexander Sims","2","1:49.860","29:16.124","Green","Track","12.326","24.138","20.275","8.516","6.787","6.113","9.747","7.027","6.250","5.220","0.469","2.992","174.452"
"24","GTLM","John Edwards","2","1:51.910","29:20.851","Green","Track","11.531","24.637","20.519","7.902","6.653","7.894","10.613","7.150","6.347","5.202","0.467","2.995","175.200"
"911","GTLM","Patrick Pilet","2","1:46.303","29:37.475","Green","Track","11.360","23.797","20.165","7.576","6.280","5.895","9.434","7.047","6.196","5.132","0.463","2.958","176.713"
"67","GTLM","Richard Westbrook","1","29:40.051","29:40.051","Green","Track","28.698","29.042","27.372","8.978","6.752","6.224","10.501","7.165","6.279","5.163","0.465","2.971","175.953"
"62","GTLM","Toni Vilander","2","1:47.477","29:53.821","Green","Track","11.675","24.288","20.298","7.587","6.245","5.912","9.703","7.069","6.182","5.115","0.461","2.942","177.480"
"66","GTLM","Joey Hand","1","30:16.316","30:16.316","Green","Track","27.802","26.680","20.664","7.665","6.344","6.053","10.238","7.086","6.258","5.178","0.468","2.968","174.825"
"912","GTLM","Laurens Vanthoor","2","1:45.180","30:20.953","Green","Track","11.428","23.338","19.625","7.511","6.238","5.854","9.512","6.969","6.168","5.127","0.462","2.948","177.096"
"4","GTLM","Oliver Gavin","3","1:44.059","30:50.108","Green","Track","10.889","23.052","19.345","7.556","6.285","5.878","9.216","7.002","6.247","5.158","0.467","2.964","175.200"
"3","GTLM","Jan Magnussen","3","1:43.223","30:51.149","Green","Track","10.822","22.899","19.208","7.517","6.235","5.830","9.152","6.929","6.157","5.091","0.460","2.923","177.866"
"25","GTLM","Alexander Sims","3","1:44.555","31:00.679","Green","Track","11.117","23.308","19.589","7.557","6.274","5.907","9.082","6.943","6.192","5.168","0.464","2.954","176.332"
"24","GTLM","John Edwards","3","1:45.314","31:06.165","Green","Track","11.263","23.423","19.613","7.557","6.286","5.949","9.445","6.958","6.222","5.171","0.465","2.962","175.953"
"911","GTLM","Patrick Pilet","3","1:43.497","31:20.972","Green","Track","10.816","23.150","19.281","7.545","6.251","5.823","9.054","6.967","6.131","5.092","0.459","2.928","178.253"
"67","GTLM","Richard Westbrook","2","1:44.920","31:24.971","Green","Track","11.232","23.264","19.748","7.550","6.234","5.858","9.417","6.956","6.161","5.101","0.461","2.938","177.480"
"62","GTLM","Toni Vilander","3","1:44.734","31:38.555","Green","Track","10.981","23.443","19.711","7.563","6.242","5.848","9.411","6.904","6.123","5.105","0.461","2.942","177.480"
"912","GTLM","Laurens Vanthoor","3","1:43.370","32:04.323","Green","Track","10.748","23.191","19.242","7.454","6.181","5.809","9.120","6.952","6.144","5.121","0.461","2.947","177.480"
"66","GTLM","Joey Hand","2","1:48.838","32:05.154","Green","Track","11.157","23.194","20.977","8.348","7.309","6.600","9.648","6.938","6.151","5.114","0.463","2.939","176.713"
"4","GTLM","Oliver Gavin","4","1:43.800","32:33.908","Green","Track","10.846","22.936","19.481","7.522","6.240","5.839","9.155","7.008","6.216","5.130","0.465","2.962","175.953"
"3","GTLM","Jan Magnussen","4","1:42.779","32:33.928","Green","Track","10.698","22.817","19.182","7.484","6.164","5.778","9.146","6.919","6.132","5.072","0.458","2.929","178.642"
"25","GTLM","Alexander Sims","4","1:44.114","32:44.793","Green","Track","10.973","23.038","19.650","7.537","6.244","5.872","9.067","6.923","6.197","5.183","0.466","2.964","175.575"
"24","GTLM","John Edwards","4","1:44.851","32:51.016","Green","Track","11.102","23.231","19.688","7.567","6.281","5.925","9.317","6.941","6.211","5.168","0.466","2.954","175.575"
"911","GTLM","Patrick Pilet","4","1:43.137","33:04.109","Green","Track","10.719","22.813","19.282","7.587","6.255","5.808","9.019","6.988","6.150","5.119","0.460","2.937","177.866"
"67","GTLM","Richard Westbrook","3","1:43.523","33:08.494","Green","Track","10.843","22.966","19.400","7.501","6.197","5.821","9.232","6.916","6.158","5.094","0.461","2.934","177.480"
"62","GTLM","Toni Vilander","4","1:44.294","33:22.849","Green","Track","11.113","23.184","19.587","7.551","6.224","5.814","9.289","6.913","6.134","5.102","0.460","2.923","177.866"
"66","GTLM","Joey Hand","3","1:43.986","33:49.140","Green","Track","11.037","23.296","19.256","7.466","6.224","5.870","9.258","6.893","6.164","5.126","0.462","2.934","177.096"
"912","GTLM","Laurens Vanthoor","4","1:48.171","33:52.494","Green","Track","10.870","26.548","20.615","7.481","6.187","5.831","9.067","6.923","6.149","5.111","0.458","2.931","178.642"
"3","GTLM","Jan Magnussen","5","1:44.013","34:17.941","Green","Track","10.757","22.938","19.471","7.512","6.252","5.870","9.498","6.983","6.183","5.137","0.462","2.950","177.096"
"4","GTLM","Oliver Gavin","5","1:44.979","34:18.887","Green","Track","11.286","23.216","19.444","7.544","6.235","5.891","9.469","7.099","6.234","5.147","0.462","2.952","177.096"
"25","GTLM","Alexander Sims","5","1:44.170","34:28.963","Green","Track","10.917","22.984","19.650","7.581","6.272","5.918","9.133","6.929","6.190","5.172","0.464","2.960","176.332"
"24","GTLM","John Edwards","5","1:44.585","34:35.601","Green","Track","11.092","23.264","19.573","7.548","6.301","5.941","9.155","6.926","6.202","5.160","0.465","2.958","175.953"
"911","GTLM","Patrick Pilet","5","1:43.062","34:47.171","Green","Track","10.721","22.811","19.261","7.530","6.256","5.829","8.965","7.008","6.169","5.107","0.461","2.944","177.480"
"67","GTLM","Richard Westbrook","4","1:43.125","34:51.619","Green","Track","10.744","22.916","19.300","7.478","6.206","5.838","9.131","6.902","6.131","5.085","0.461","2.933","177.480"
"62","GTLM","Toni Vilander","5","1:44.675","35:07.524","Green","Track","11.352","23.345","19.656","7.554","6.247","5.830","9.131","6.931","6.150","5.082","0.458","2.939","178.642"
"66","GTLM","Joey Hand","4","1:42.986","35:32.126","Green","Track","10.761","22.860","19.290","7.425","6.193","5.827","9.084","6.884","6.142","5.117","0.462","2.941","177.096"
"912","GTLM","Laurens Vanthoor","5","1:43.210","35:35.704","Green","Track","10.852","23.001","19.309","7.476","6.177","5.804","9.072","6.903","6.127","5.103","0.460","2.926","177.866"
"3","GTLM","Jan Magnussen","6","1:44.113","36:02.054","Green","Track","10.826","23.013","19.561","7.518","6.239","5.864","9.387","6.969","6.185","5.138","0.462","2.951","177.096"
"4","GTLM","Oliver Gavin","6","1:43.489","36:02.376","Green","Track","10.795","23.049","19.412","7.514","6.217","5.831","9.090","6.931","6.153","5.103","0.459","2.935","178.253"
"25","GTLM","Alexander Sims","6","1:43.948","36:12.911","Green","Track","10.957","22.954","19.461","7.503","6.233","5.893","9.255","6.924","6.182","5.166","0.464","2.956","176.332"
"24","GTLM","John Edwards","6","1:44.413","36:20.014","Green","Track","10.985","23.201","19.593","7.549","6.272","5.924","9.178","6.937","6.194","5.157","0.465","2.958","175.953"
"67","GTLM","Richard Westbrook","5","1:45.042","36:36.661","Green","Track","10.889","23.479","20.012","7.663","6.289","5.842","9.319","6.921","6.137","5.094","0.461","2.936","177.480"
"911","GTLM","Patrick Pilet","6","1:51.288","36:38.459","Green","Track","11.792","25.155","20.826","9.181","7.264","6.172","9.272","6.949","6.163","5.108","0.462","2.944","177.096"
"62","GTLM","Toni Vilander","6","1:44.196","36:51.720","Green","Track","11.006","23.099","19.648","7.533","6.204","5.818","9.281","6.949","6.149","5.115","0.461","2.933","177.480"
"66","GTLM","Joey Hand","5","1:42.798","37:14.924","Green","Track","10.672","22.698","19.191","7.450","6.201","5.827","9.082","6.888","6.252","5.132","0.463","2.942","176.713"
"912","GTLM","Laurens Vanthoor","6","1:42.927","37:18.631","Green","Track","10.789","22.871","19.256","7.482","6.173","5.788","9.026","6.911","6.130","5.115","0.461","2.925","177.480"
"3","GTLM","Jan Magnussen","7","1:43.514","37:45.568","Green","Track","10.811","23.082","19.422","7.468","6.216","5.822","9.104","6.873","6.158","5.134","0.462","2.962","177.096"
"4","GTLM","Oliver Gavin","7","1:43.453","37:45.829","Green","Track","10.871","23.073","19.486","7.506","6.196","5.789","9.051","6.855","6.132","5.097","0.459","2.938","178.253"
"25","GTLM","Alexander Sims","7","1:44.536","37:57.447","Green","Track","11.112","23.157","19.656","7.558","6.256","5.864","9.214","6.942","6.190","5.167","0.465","2.955","175.953"
"24","GTLM","John Edwards","7","1:44.432","38:04.446","Green","Track","11.014","23.211","19.628","7.545","6.282","5.900","9.142","6.939","6.200","5.153","0.464","2.954","176.332"
"67","GTLM","Richard Westbrook","6","1:49.445","38:26.106","Green","Track","10.876","22.914","23.138","7.592","6.354","7.138","9.885","6.934","6.123","5.089","0.461","2.941","177.480"
"62","GTLM","Toni Vilander","7","1:43.986","38:35.706","Green","Track","10.961","23.124","19.533","7.532","6.243","5.796","9.256","6.939","6.122","5.099","0.460","2.921","177.866"
"66","GTLM","Joey Hand","6","1:43.184","38:58.108","Green","Track","10.861","22.867","19.284","7.445","6.214","5.842","9.104","6.908","6.146","5.118","0.462","2.933","177.096"
"912","GTLM","Laurens Vanthoor","7","1:44.436","39:03.067","Green","Track","11.196","23.456","19.529","7.472","6.177","5.800","9.206","6.945","6.142","5.114","0.461","2.938","177.480"
"4","GTLM","Oliver Gavin","8","1:43.907","39:29.736","Green","Track","10.893","23.114","19.374","7.548","6.266","5.868","9.008","7.015","6.213","5.170","0.468","2.970","174.825"
"3","GTLM","Jan Magnussen","8","1:45.537","39:31.105","Green","Track","11.619","23.678","19.654","7.553","6.265","5.872","9.232","6.961","6.166","5.127","0.462","2.948","177.096"
"25","GTLM","Alexander Sims","8","1:44.407","39:41.854","Green","Track","11.093","23.213","19.583","7.503","6.255","5.894","9.171","6.928","6.182","5.164","0.466","2.955","175.575"
"24","GTLM","John Edwards","8","1:44.904","39:49.350","Green","Track","11.127","23.364","19.721","7.560","6.306","5.942","9.161","6.937","6.201","5.160","0.465","2.960","175.953"
"67","GTLM","Richard Westbrook","7","1:43.091","40:09.197","Finish","Track","10.761","22.894","19.333","7.488","6.191","5.822","9.091","6.914","6.121","5.090","0.460","2.926","177.866"
"62","GTLM","Toni Vilander","8","1:43.601","40:19.307","Finish","Track","10.962","23.006","19.542","7.505","6.199","5.795","9.164","6.879","6.117","5.075","0.457","2.900","179.033"
"25","GTLM","Alexander Sims","9","1:44.201","41:26.055","Finish","Track","11.097","23.117","19.678","7.507","6.237","5.872","9.055","6.915","6.170","5.155","0.463","2.935","176.713"
"54","P","Colin Braun","1","51:54.992","51:54.992","Green","Track","0.000","25.376","20.954","7.217","6.438","6.337","9.488","6.580","5.863","4.846","0.437","2.785","187.227"
"38","P","Pato O'Ward","1","51:58.377","51:58.377","Green","Track","0.000","26.195","21.675","7.221","5.966","5.850","9.841","6.624","5.799","4.830","0.438","2.795","186.800"
"23","P","Fernando Alonso","1","51:59.728","51:59.728","Green","Track","0.000","26.401","22.031","7.297","5.920","5.708","9.872","6.539","5.790","4.850","0.435","2.798","188.088"
"99","P","Stephen Simpson","1","52:07.856","52:07.856","Green","Track","0.000","28.489","22.884","7.288","5.945","5.737","10.255","6.613","5.842","4.877","0.438","2.795","186.800"
"78","P","Alex Brundle","1","52:08.072","52:08.072","Green","Track","0.000","28.260","23.096","7.255","5.852","5.628","10.510","6.630","5.763","4.780","0.429","2.737","190.718"
"37","P","Robin Frijns","1","52:10.761","52:10.761","Green","Track","0.000","29.107","22.396","7.330","5.949","5.720","10.675","6.627","5.861","4.854","0.437","2.786","187.227"
"32","P","Bruno Senna Lalli","1","52:11.085","52:11.085","Green","Pit","0.000","25.729","21.927","7.318","5.917","5.727","9.750","6.556","5.827","8.931","0.000","0.000","0.000"
"52","P","Gustavo Yacaman","1","52:11.984","52:11.984","Green","Track","0.000","31.006","23.808","7.528","6.038","6.261","11.179","6.760","5.820","4.830","0.435","2.780","188.088"
"22","P","Nicolas Lapierre","1","52:21.283","52:21.283","Green","Track","0.000","34.880","24.033","7.268","5.854","5.652","9.997","6.570","5.983","4.972","0.450","2.853","181.818"
"85","P","Simon Trummer","1","52:25.797","52:25.797","Green","Track","0.000","35.395","23.858","7.918","6.194","5.997","10.726","6.930","6.030","4.918","0.440","2.804","185.950"
"55","P","Jonathan Bomarito","1","52:29.572","52:29.572","Green","Track","0.000","33.462","23.260","7.221","5.918","6.823","10.279","6.585","5.816","4.856","0.439","2.787","186.374"
"10","P","Renger Van Der Zande","1","52:42.765","52:42.765","Green","Track","33.287","36.834","24.719","8.467","8.692","6.903","11.201","6.570","6.355","5.657","0.492","3.038","166.297"
"20","P","Alex Popow Karaha","1","52:43.109","52:43.109","Green","Track","0.000","38.760","25.177","8.164","8.020","7.443","11.729","6.803","5.937","4.942","0.446","2.858","183.449"
"7","P","Helio Castroneves","1","52:55.472","52:55.472","Green","Track","0.000","31.002","25.279","8.505","7.946","6.677","9.928","6.499","5.748","4.789","0.432","2.745","189.394"
"6","P","Dane Cameron","1","53:08.999","53:08.999","Green","Track","29.641","28.372","22.375","7.142","5.843","5.606","9.918","6.568","5.826","4.788","0.431","2.761","189.833"
"5","P","Filipe Albuquerque","1","53:12.300","53:12.300","Green","Track","28.852","28.468","22.229","7.124","5.844","6.074","10.005","6.502","5.775","4.808","0.433","2.759","188.957"
"31","P","Felipe Nasr","1","53:18.228","53:18.228","Green","Track","30.572","28.263","22.380","7.215","5.862","5.665","9.424","6.567","5.772","4.811","0.434","2.758","188.521"
"54","P","Colin Braun","2","1:43.121","53:38.113","Green","Track","10.694","23.247","21.952","7.017","5.809","5.491","8.809","6.357","5.726","4.811","0.435","2.773","188.088"
"38","P","Pato O'Ward","2","1:41.887","53:40.264","Green","Track","10.866","22.988","20.190","7.023","6.008","5.834","8.877","6.393","5.698","4.800","0.433","2.777","188.957"
"23","P","Fernando Alonso","2","1:42.494","53:42.222","Green","Track","11.311","22.843","19.834","7.000","5.839","5.866","9.690","6.416","5.705","4.792","0.432","2.766","189.394"
"90","P","Tristan Vautier","1","53:45.831","53:45.831","Green","Track","28.378","28.546","23.403","7.838","6.719","7.360","10.917","6.536","5.778","4.814","0.436","2.781","187.656"
"78","P","Alex Brundle","2","1:42.035","53:50.107","Green","Track","11.278","22.701","19.868","7.082","5.862","5.969","9.247","6.373","5.696","4.772","0.431","2.756","189.833"
"99","P","Stephen Simpson","2","1:44.144","53:52.000","Green","Track","11.495","23.464","20.956","7.093","5.865","5.603","9.369","6.496","5.788","4.809","0.434","2.772","188.521"
"37","P","Robin Frijns","2","1:44.012","53:54.773","Green","Track","11.300","23.238","19.712","7.017","5.857","5.865","10.757","6.505","5.773","4.793","0.432","2.763","189.394"
"52","P","Gustavo Yacaman","2","1:49.794","54:01.778","Green","Track","11.650","24.326","25.333","7.180","5.825","5.584","9.615","6.525","5.749","4.801","0.432","2.774","189.394"
"22","P","Nicolas Lapierre","2","1:46.129","54:07.412","Green","Track","11.531","23.360","19.947","6.904","6.418","8.141","9.783","6.405","5.717","4.748","0.428","2.747","191.164"
"85","P","Simon Trummer","2","1:46.273","54:12.070","Green","Track","11.320","23.383","22.048","7.069","5.860","6.570","9.750","6.520","5.765","4.797","0.432","2.759","189.394"
"55","P","Jonathan Bomarito","2","1:47.522","54:17.094","Green","Track","11.335","23.383","20.788","6.947","5.807","7.727","11.234","6.486","5.777","4.818","0.435","2.785","188.088"
"32","P","Bruno Senna Lalli","2","2:06.544","54:17.629","Green","Track","27.175","27.367","21.605","7.189","5.862","5.966","10.942","6.531","5.852","4.831","0.436","2.788","187.656"
"10","P","Renger Van Der Zande","2","1:45.955","54:28.720","Green","Track","11.334","23.997","21.276","7.010","5.805","6.832","9.600","6.407","5.716","4.788","0.431","2.759","189.833"
"20","P","Alex Popow Karaha","2","1:47.397","54:30.506","Green","Track","11.814","24.599","21.083","7.227","5.912","5.775","10.192","6.738","5.890","4.900","0.441","2.826","185.529"
"7","P","Helio Castroneves","2","1:42.603","54:38.075","Green","Track","11.051","22.640","19.491","6.931","5.751","7.233","9.492","6.408","5.689","4.759","0.429","2.729","190.718"
"6","P","Dane Cameron","2","1:40.351","54:49.350","Green","Track","11.089","22.534","19.509","6.918","5.747","5.430","9.058","6.423","5.705","4.761","0.429","2.748","190.718"
"5","P","Filipe Albuquerque","2","1:40.082","54:52.382","Green","Track","11.201","22.695","19.181","6.913","5.782","5.460","8.850","6.340","5.718","4.774","0.430","2.738","190.275"
"31","P","Felipe Nasr","2","1:39.650","54:57.878","Green","Track","10.924","22.545","19.529","6.955","5.776","5.430","8.467","6.377","5.707","4.770","0.430","2.740","190.275"
"54","P","Colin Braun","3","1:37.725","55:15.838","Green","Track","10.399","21.785","18.753","6.922","5.810","5.453","8.522","6.350","5.742","4.795","0.432","2.762","189.394"
"38","P","Pato O'Ward","3","1:37.988","55:18.252","Green","Track","10.405","21.945","18.985","6.935","5.773","5.432","8.420","6.376","5.728","4.793","0.432","2.764","189.394"
"23","P","Fernando Alonso","3","1:38.279","55:20.501","Green","Track","10.675","21.946","19.042","6.891","5.753","5.436","8.478","6.379","5.706","4.789","0.430","2.754","190.275"
"90","P","Tristan Vautier","2","1:40.443","55:26.274","Green","Track","11.102","22.660","19.497","6.904","5.772","5.443","8.953","6.427","5.721","4.776","0.431","2.757","189.833"
"78","P","Alex Brundle","3","1:37.957","55:28.064","Green","Track","10.594","21.899","18.924","6.934","5.757","5.417","8.408","6.402","5.695","4.761","0.429","2.737","190.718"
"99","P","Stephen Simpson","3","1:39.162","55:31.162","Green","Track","10.676","22.126","19.117","6.985","5.818","5.477","8.769","6.468","5.751","4.789","0.432","2.754","189.394"
"37","P","Robin Frijns","3","1:40.209","55:34.982","Green","Track","10.981","22.343","19.440","6.994","5.830","5.501","8.916","6.463","5.754","4.798","0.431","2.758","189.833"
"85","P","Simon Trummer","3","1:39.599","55:51.669","Green","Track","10.702","22.327","19.458","6.979","5.777","5.427","8.802","6.417","5.736","4.790","0.432","2.752","189.394"
"52","P","Gustavo Yacaman","3","1:52.838","55:54.616","Green","Track","11.262","22.666","28.313","7.190","5.801","6.393","10.814","6.618","5.758","4.815","0.435","2.773","188.088"
"55","P","Jonathan Bomarito","3","1:38.466","55:55.560","Green","Track","10.618","21.951","18.822","6.871","5.786","5.488","8.849","6.357","5.710","4.807","0.434","2.773","188.521"
"32","P","Bruno Senna Lalli","3","1:41.014","55:58.643","Green","Track","11.076","22.696","19.998","7.022","5.830","5.520","8.637","6.426","5.748","4.837","0.436","2.788","187.656"
"10","P","Renger Van Der Zande","3","1:38.905","56:07.625","Green","Track","10.712","22.180","19.257","6.947","5.767","5.434","8.646","6.324","5.689","4.774","0.431","2.744","189.833"
"20","P","Alex Popow Karaha","3","1:43.563","56:14.069","Green","Track","11.131","23.207","20.331","7.189","5.925","5.603","9.585","6.569","5.855","4.908","0.441","2.819","185.529"
"7","P","Helio Castroneves","3","1:37.939","56:16.014","Green","Track","10.671","22.127","18.910","6.886","5.731","5.381","8.373","6.309","5.673","4.737","0.426","2.715","192.061"
"6","P","Dane Cameron","3","1:39.981","56:29.331","Green","Track","10.644","21.932","20.826","6.957","5.721","5.385","8.616","6.342","5.657","4.741","0.427","2.733","191.612"
"5","P","Filipe Albuquerque","3","1:39.543","56:31.925","Green","Track","10.479","21.756","19.747","7.134","5.938","5.712","8.867","6.306","5.689","4.760","0.428","2.727","191.164"
"31","P","Felipe Nasr","3","1:37.142","56:35.020","Green","Track","10.337","21.666","18.775","6.906","5.754","5.419","8.341","6.335","5.685","4.763","0.429","2.732","190.718"
"54","P","Colin Braun","4","1:37.265","56:53.103","Green","Track","10.278","21.635","18.700","6.927","5.811","5.459","8.415","6.336","5.732","4.784","0.432","2.756","189.394"
"38","P","Pato O'Ward","4","1:37.458","56:55.710","Green","Track","10.348","21.800","18.704","6.933","5.804","5.446","8.400","6.335","5.713","4.785","0.431","2.759","189.833"
"23","P","Fernando Alonso","4","1:40.395","57:00.896","Green","Track","10.485","22.428","20.207","7.052","5.822","5.466","8.872","6.416","5.694","4.774","0.431","2.748","189.833"
"90","P","Tristan Vautier","3","1:38.154","57:04.428","Green","Track","10.504","21.787","19.077","6.922","5.771","5.427","8.671","6.366","5.690","4.761","0.427","2.751","191.612"
"78","P","Alex Brundle","4","1:37.596","57:05.660","Green","Track","10.544","21.821","18.883","6.945","5.770","5.453","8.292","6.307","5.659","4.752","0.428","2.742","191.164"
"99","P","Stephen Simpson","4","1:38.465","57:09.627","Green","Track","10.464","22.030","18.974","6.992","5.824","5.492","8.614","6.388","5.716","4.780","0.431","2.760","189.833"
"37","P","Robin Frijns","4","1:38.007","57:12.989","Green","Track","10.535","21.922","18.680","6.958","5.803","5.480","8.489","6.416","5.733","4.796","0.431","2.764","189.833"
"85","P","Simon Trummer","4","1:37.932","57:29.601","Green","Track","10.341","21.987","18.818","6.944","5.807","5.448","8.520","6.368","5.725","4.788","0.432","2.754","189.394"
"55","P","Jonathan Bomarito","4","1:39.790","57:35.350","Green","Track","10.672","22.711","19.508","6.888","5.778","5.498","8.651","6.345","5.723","4.811","0.433","2.772","188.957"
"52","P","Gustavo Yacaman","4","1:42.542","57:37.158","Green","Track","11.168","22.756","20.826","7.060","5.809","5.518","9.124","6.489","5.806","4.790","0.431","2.765","189.833"
"32","P","Bruno Senna Lalli","4","1:39.328","57:37.971","Green","Track","10.594","22.055","19.372","6.959","5.891","5.505","8.701","6.463","5.796","4.789","0.432","2.771","189.394"
"10","P","Renger Van Der Zande","4","1:37.181","57:44.806","Green","Track","10.228","21.810","18.742","6.924","5.733","5.425","8.420","6.305","5.676","4.761","0.427","2.730","191.612"
"7","P","Helio Castroneves","4","1:38.267","57:54.281","Green","Track","10.595","22.338","19.013","6.872","5.727","5.372","8.525","6.300","5.649","4.734","0.427","2.715","191.612"
"20","P","Alex Popow Karaha","4","1:42.521","57:56.590","Green","Track","10.852","22.679","19.936","7.103","5.888","5.684","9.673","6.687","5.862","4.894","0.441","2.822","185.529"
"6","P","Dane Cameron","4","1:37.680","58:07.011","Green","Track","10.510","21.775","19.035","6.879","5.714","5.382","8.515","6.332","5.647","4.733","0.426","2.732","192.061"
"5","P","Filipe Albuquerque","4","1:37.051","58:08.976","Green","Track","10.393","21.718","18.630","6.881","5.740","5.408","8.381","6.314","5.683","4.751","0.428","2.724","191.164"
"31","P","Felipe Nasr","4","1:37.794","58:12.814","Green","Track","10.718","21.887","18.824","6.927","5.750","5.420","8.347","6.332","5.676","4.757","0.429","2.727","190.718"
"54","P","Colin Braun","5","1:37.041","58:30.144","Green","Track","10.160","21.585","18.683","6.944","5.807","5.446","8.419","6.328","5.697","4.784","0.432","2.756","189.394"
"38","P","Pato O'Ward","5","1:37.107","58:32.817","Green","Track","10.104","21.721","18.812","6.936","5.825","5.427","8.275","6.355","5.685","4.776","0.431","2.760","189.833"
"90","P","Tristan Vautier","4","1:37.569","58:41.997","Green","Track","10.515","21.978","18.748","6.870","5.730","5.388","8.419","6.345","5.668","4.741","0.427","2.740","191.612"
"78","P","Alex Brundle","5","1:37.193","58:42.853","Green","Track","10.191","21.763","18.981","6.967","5.762","5.436","8.210","6.308","5.664","4.746","0.428","2.737","191.164"
"23","P","Fernando Alonso","5","1:43.321","58:44.217","Green","Track","10.377","23.200","23.002","6.976","5.754","5.443","8.607","6.347","5.675","4.764","0.430","2.746","190.275"
"99","P","Stephen Simpson","5","1:37.591","58:47.218","Green","Track","10.186","21.746","18.960","6.946","5.798","5.467","8.447","6.378","5.714","4.779","0.431","2.739","189.833"
"37","P","Robin Frijns","5","1:37.172","58:50.161","Green","Track","10.210","21.694","18.646","6.966","5.804","5.471","8.304","6.383","5.718","4.788","0.431","2.757","189.833"
"85","P","Simon Trummer","5","1:37.590","59:07.191","Green","Track","10.217","21.810","19.028","6.915","5.780","5.446","8.408","6.343","5.711","4.760","0.429","2.743","190.718"
"55","P","Jonathan Bomarito","5","1:37.455","59:12.805","Green","Track","10.347","21.725","18.743","6.867","5.773","5.499","8.475","6.317","5.715","4.797","0.432","2.765","189.394"
"52","P","Gustavo Yacaman","5","1:39.698","59:16.856","Green","Track","10.734","22.297","19.437","7.069","5.783","5.491","8.824","6.388","5.700","4.781","0.431","2.763","189.833"
"32","P","Bruno Senna Lalli","5","1:42.161","59:20.132","Green","Track","10.447","24.470","20.050","7.011","5.880","5.511","8.473","6.461","5.824","4.812","0.434","2.788","188.521"
"10","P","Renger Van Der Zande","5","1:36.975","59:21.781","Green","Track","10.386","21.636","18.706","6.919","5.732","5.426","8.327","6.281","5.668","4.747","0.428","2.719","191.164"
"7","P","Helio Castroneves","5","1:36.607","59:30.888","Green","Track","10.355","21.703","18.676","6.816","5.696","5.375","8.216","6.275","5.649","4.716","0.425","2.705","192.513"
"20","P","Alex Popow Karaha","5","1:41.778","59:38.368","Green","Track","10.935","22.493","19.637","7.082","5.884","5.583","9.627","6.572","5.829","4.882","0.441","2.813","185.529"
"6","P","Dane Cameron","5","1:37.332","59:44.343","Green","Track","10.459","21.734","18.843","6.887","5.703","5.379","8.511","6.307","5.642","4.719","0.425","2.723","192.513"
"5","P","Filipe Albuquerque","5","1:36.754","59:45.730","Green","Track","10.274","21.609","18.665","6.864","5.732","5.406","8.362","6.281","5.676","4.739","0.427","2.719","191.612"
"31","P","Felipe Nasr","5","1:36.893","59:49.707","Green","Track","10.353","21.470","18.897","6.871","5.731","5.410","8.259","6.330","5.671","4.750","0.428","2.723","191.164"
"54","P","Colin Braun","6","1:37.071","1:00:07.215","Green","Track","10.152","21.532","18.845","6.914","5.793","5.447","8.459","6.285","5.676","4.779","0.432","2.757","189.394"
"38","P","Pato O'Ward","6","1:36.959","1:00:09.776","Green","Track","10.161","21.736","18.817","6.904","5.796","5.426","8.190","6.313","5.659","4.771","0.430","2.756","190.275"
"90","P","Tristan Vautier","5","1:36.545","1:00:18.542","Green","Track","10.217","21.548","18.515","6.870","5.733","5.384","8.431","6.293","5.649","4.735","0.428","2.742","191.164"
"78","P","Alex Brundle","6","1:37.031","1:00:19.884","Green","Track","10.235","21.774","18.815","6.916","5.756","5.429","8.227","6.311","5.649","4.750","0.428","2.741","191.164"
"23","P","Fernando Alonso","6","1:37.475","1:00:21.692","Green","Track","10.376","21.949","18.792","6.892","5.752","5.440","8.357","6.320","5.661","4.760","0.430","2.746","190.275"
"99","P","Stephen Simpson","6","1:38.945","1:00:26.163","Green","Track","10.341","21.801","19.223","7.071","5.834","5.787","8.829","6.359","5.754","4.759","0.430","2.757","190.275"
"37","P","Robin Frijns","6","1:36.944","1:00:27.105","Green","Track","10.197","21.492","18.618","6.959","5.809","5.464","8.326","6.392","5.715","4.787","0.430","2.755","190.275"
"85","P","Simon Trummer","6","1:37.437","1:00:44.628","Green","Track","10.281","21.761","18.932","6.937","5.792","5.428","8.328","6.328","5.708","4.767","0.430","2.745","190.275"
"55","P","Jonathan Bomarito","6","1:36.960","1:00:49.765","Green","Track","10.321","21.570","18.576","6.849","5.767","5.481","8.400","6.293","5.695","4.804","0.434","2.770","188.521"
"52","P","Gustavo Yacaman","6","1:39.198","1:00:56.054","Green","Track","11.083","22.288","19.183","6.942","5.758","5.453","8.457","6.368","5.686","4.785","0.432","2.763","189.394"
"32","P","Bruno Senna Lalli","6","1:38.428","1:00:58.560","Green","Track","10.432","21.925","19.128","7.026","5.866","5.469","8.305","6.425","5.814","4.814","0.435","2.789","188.088"
"10","P","Renger Van Der Zande","6","1:37.053","1:00:58.834","Green","Track","10.189","21.569","18.689","6.914","5.734","5.399","8.551","6.400","5.733","4.722","0.425","2.728","192.513"
"7","P","Helio Castroneves","6","1:36.090","1:01:06.978","Green","Track","10.210","21.600","18.621","6.839","5.709","5.359","8.044","6.224","5.622","4.726","0.426","2.710","192.061"
"20","P","Alex Popow Karaha","6","1:42.035","1:01:20.403","Green","Track","10.954","22.574","19.706","7.085","5.891","5.562","9.721","6.572","5.827","4.895","0.440","2.808","185.950"
"6","P","Dane Cameron","6","1:37.086","1:01:21.429","Green","Track","10.475","21.874","18.623","6.858","5.702","5.374","8.413","6.289","5.631","4.715","0.424","2.708","192.967"
"5","P","Filipe Albuquerque","6","1:36.552","1:01:22.282","Green","Track","10.266","21.632","18.557","6.866","5.734","5.405","8.288","6.281","5.647","4.737","0.426","2.713","192.061"
"31","P","Felipe Nasr","6","1:36.508","1:01:26.215","Green","Track","10.245","21.509","18.628","6.882","5.747","5.416","8.174","6.325","5.674","4.757","0.428","2.723","191.164"
"54","P","Colin Braun","7","1:36.927","1:01:44.142","Green","Track","10.199","21.611","18.667","6.933","5.796","5.446","8.385","6.264","5.686","4.769","0.430","2.741","190.275"
"38","P","Pato O'Ward","7","1:42.724","1:01:52.500","Green","Track","10.524","25.672","19.907","7.013","5.834","5.440","8.383","6.319","5.660","4.785","0.431","2.756","189.833"
"90","P","Tristan Vautier","6","1:36.472","1:01:55.014","Green","Track","10.195","21.490","18.597","6.834","5.722","5.380","8.422","6.304","5.645","4.733","0.426","2.724","192.061"
"78","P","Alex Brundle","7","1:36.982","1:01:56.866","Green","Track","10.278","21.678","18.910","6.984","5.774","5.434","8.088","6.287","5.647","4.746","0.427","2.729","191.612"
"23","P","Fernando Alonso","7","1:37.365","1:01:59.057","Green","Track","10.432","21.698","18.815","6.913","5.763","5.443","8.349","6.341","5.670","4.773","0.429","2.739","190.718"
"99","P","Stephen Simpson","7","1:37.509","1:02:03.672","Green","Track","10.308","21.906","18.841","6.952","5.801","5.471","8.270","6.318","5.691","4.775","0.430","2.746","190.275"
"37","P","Robin Frijns","7","1:39.478","1:02:06.583","Green","Track","10.179","21.524","18.826","6.958","5.786","7.170","9.009","6.353","5.707","4.788","0.431","2.747","189.833"
"85","P","Simon Trummer","7","1:37.106","1:02:21.734","Green","Track","10.204","21.709","18.782","6.911","5.791","5.429","8.302","6.337","5.711","4.760","0.429","2.741","190.718"
"55","P","Jonathan Bomarito","7","1:36.995","1:02:26.760","Green","Track","10.401","21.540","18.620","6.844","5.782","5.489","8.341","6.295","5.699","4.793","0.431","2.760","189.833"
"52","P","Gustavo Yacaman","7","1:39.135","1:02:35.189","Green","Track","10.740","22.267","19.391","6.967","5.766","5.464","8.484","6.397","5.701","4.775","0.430","2.753","190.275"
"32","P","Bruno Senna Lalli","7","1:40.032","1:02:38.592","Green","Track","10.541","21.887","19.257","6.987","6.096","5.803","9.196","6.437","5.812","4.805","0.433","2.778","188.957"
"7","P","Helio Castroneves","7","1:36.292","1:02:43.270","Green","Track","10.145","21.610","18.551","6.833","5.701","5.371","8.274","6.315","5.648","4.720","0.425","2.699","192.513"
"10","P","Renger Van Der Zande","7","1:47.750","1:02:46.584","Green","Track","11.738","26.784","22.828","6.897","5.723","5.450","8.458","6.307","5.662","4.751","0.427","2.725","191.612"
"5","P","Filipe Albuquerque","7","1:38.307","1:03:00.589","Green","Track","10.271","21.978","19.400","6.947","5.749","5.430","8.680","6.291","5.672","4.742","0.427","2.720","191.612"
"20","P","Alex Popow Karaha","7","1:42.238","1:03:02.641","Green","Track","10.981","22.634","20.238","7.030","5.847","5.550","9.408","6.584","5.836","4.880","0.440","2.810","185.950"
"31","P","Felipe Nasr","7","1:36.621","1:03:02.836","Green","Track","10.308","21.519","18.659","6.887","5.728","5.404","8.245","6.313","5.676","4.735","0.426","2.721","192.061"
"6","P","Dane Cameron","7","1:49.082","1:03:10.511","Green","Track","10.469","22.490","21.721","9.390","8.259","7.918","8.991","6.344","5.644","4.712","0.426","2.718","192.061"
"54","P","Colin Braun","8","1:37.034","1:03:21.176","Green","Track","10.221","21.599","18.798","6.925","5.787","5.432","8.364","6.282","5.686","4.762","0.430","2.748","190.275"
"38","P","Pato O'Ward","8","1:36.953","1:03:29.453","Green","Track","10.122","21.820","18.734","6.905","5.758","5.432","8.254","6.293","5.680","4.769","0.430","2.756","190.275"
"78","P","Alex Brundle","8","1:37.378","1:03:34.244","Green","Track","10.319","21.891","18.972","6.954","5.761","5.419","8.150","6.309","5.666","4.756","0.429","2.752","190.718"
"23","P","Fernando Alonso","8","1:37.112","1:03:36.169","Green","Track","10.411","21.779","18.841","6.889","5.743","5.419","8.149","6.311","5.659","4.758","0.428","2.725","191.164"
"90","P","Tristan Vautier","7","1:44.868","1:03:39.882","Green","Track","10.325","21.454","26.433","6.964","5.786","5.420","8.639","6.312","5.651","4.725","0.427","2.732","191.612"
"99","P","Stephen Simpson","8","1:37.124","1:03:40.796","Green","Track","10.274","21.742","18.778","6.949","5.787","5.434","8.226","6.313","5.687","4.760","0.429","2.745","190.718"
"37","P","Robin Frijns","8","1:36.984","1:03:43.567","Green","Track","10.124","21.510","18.683","6.962","5.802","5.458","8.406","6.355","5.711","4.785","0.430","2.758","190.275"
"85","P","Simon Trummer","8","1:37.022","1:03:58.756","Green","Track","10.313","21.633","18.730","6.916","5.781","5.433","8.241","6.341","5.705","4.763","0.429","2.737","190.718"
"55","P","Jonathan Bomarito","8","1:36.633","1:04:03.393","Green","Track","10.160","21.556","18.636","6.835","5.767","5.494","8.221","6.285","5.698","4.784","0.432","2.765","189.394"
"52","P","Gustavo Yacaman","8","1:38.831","1:04:14.020","Green","Track","10.511","22.197","19.461","6.981","5.768","5.472","8.396","6.378","5.691","4.777","0.431","2.768","189.833"
"32","P","Bruno Senna Lalli","8","1:38.191","1:04:16.783","Green","Track","10.297","21.813","19.120","7.021","5.854","5.470","8.288","6.472","5.821","4.813","0.434","2.788","188.521"
"10","P","Renger Van Der Zande","8","1:36.401","1:04:22.985","Green","Track","10.186","21.576","18.542","6.928","5.727","5.417","8.181","6.279","5.663","4.751","0.428","2.723","191.164"
"5","P","Filipe Albuquerque","8","1:36.376","1:04:36.965","Green","Track","10.156","21.616","18.571","6.859","5.735","5.392","8.208","6.254","5.677","4.749","0.428","2.731","191.164"
"20","P","Alex Popow Karaha","8","1:43.441","1:04:46.082","Green","Track","11.492","22.695","20.415","7.065","5.869","5.569","9.710","6.584","5.850","4.917","0.443","2.832","184.691"
"6","P","Dane Cameron","8","1:37.054","1:04:47.565","Green","Track","10.435","21.809","18.758","6.824","5.690","5.355","8.404","6.287","5.627","4.714","0.426","2.725","192.061"
"7","P","Helio Castroneves","8","2:14.112","1:04:57.382","Green","Pit","10.308","22.703","21.971","8.344","6.521","6.214","9.651","6.419","5.957","11.925","0.000","0.000","0.000"
"54","P","Colin Braun","9","1:36.567","1:04:57.743","Green","Track","10.132","21.537","18.639","6.926","5.790","5.420","8.199","6.274","5.704","4.765","0.430","2.751","190.275"
"38","P","Pato O'Ward","9","1:36.318","1:05:05.771","Finish","Track","10.098","21.645","18.564","6.848","5.749","5.416","8.085","6.280","5.672","4.778","0.431","2.752","189.833"
"78","P","Alex Brundle","9","1:36.997","1:05:11.241","Finish","Track","10.430","21.718","18.844","6.924","5.747","5.418","8.034","6.287","5.654","4.757","0.430","2.754","190.275"
"23","P","Fernando Alonso","9","1:37.008","1:05:13.177","Finish","Track","10.320","21.736","18.776","6.886","5.740","5.415","8.263","6.303","5.653","4.757","0.429","2.730","190.718"
"90","P","Tristan Vautier","8","1:36.709","1:05:16.591","Finish","Track","10.297","21.483","18.723","6.875","5.717","5.368","8.410","6.300","5.643","4.725","0.427","2.741","191.612"
"99","P","Stephen Simpson","9","1:37.456","1:05:18.252","Finish","Track","10.201","21.893","18.891","6.963","5.775","5.450","8.353","6.308","5.676","4.765","0.427","2.754","191.612"
"37","P","Robin Frijns","9","1:36.492","1:05:20.059","Finish","Track","10.136","21.614","18.446","6.944","5.779","5.459","8.148","6.333","5.694","4.777","0.430","2.732","190.275"
"85","P","Simon Trummer","9","1:37.005","1:05:35.761","Finish","Track","10.336","21.608","18.772","6.896","5.762","5.415","8.282","6.315","5.700","4.757","0.429","2.733","190.718"
"55","P","Jonathan Bomarito","9","1:36.813","1:05:40.206","Finish","Track","10.387","21.430","18.601","6.835","5.752","5.473","8.319","6.335","5.704","4.792","0.432","2.753","189.394"
"52","P","Gustavo Yacaman","9","1:38.773","1:05:52.793","Finish","Track","10.696","22.178","19.079","6.970","5.766","5.468","8.510","6.416","5.709","4.786","0.431","2.764","189.833"
"32","P","Bruno Senna Lalli","9","1:38.186","1:05:54.969","Finish","Track","10.302","21.941","19.261","7.031","5.854","5.485","8.262","6.330","5.721","4.808","0.434","2.757","188.521"
"10","P","Renger Van Der Zande","9","1:36.083","1:05:59.068","Finish","Track","10.164","21.510","18.445","6.889","5.716","5.420","8.136","6.274","5.653","4.740","0.428","2.708","191.164"
"5","P","Filipe Albuquerque","9","1:36.194","1:06:13.159","Finish","Track","10.199","21.614","18.454","6.848","5.715","5.412","8.171","6.243","5.657","4.737","0.427","2.717","191.612"
"6","P","Dane Cameron","9","1:36.931","1:06:24.496","Finish","Track","10.391","21.824","18.689","6.850","5.697","5.386","8.362","6.273","5.618","4.711","0.426","2.704","192.061"
"54","P","Colin Braun","10","1:36.645","1:06:34.388","Finish","Track","10.142","21.592","18.745","6.912","5.778","5.446","8.221","6.252","5.656","4.750","0.429","2.722","190.718"
