"Car","Class","Driver","Lap","Lap Time","Session Time","Flag","Location","S01","S02","S03","S04","S05","S06","S07","S08","SP4"
"63","GTD","Matteo Cressoni","1","1:35.722","1:35.722","Green","Track","0.000","5.681","25.972","23.286","7.768","0.568","20.610","0.976","152.449"
"50","GTD","Cooper MacNeil","1","1:40.728","1:40.728","Green","Track","0.000","5.505","27.268","23.783","7.678","0.564","21.106","1.024","153.530"
"33","GTD","Ben Keating","1","1:41.815","1:41.815","Green","Track","0.000","5.950","27.209","23.958","8.165","0.619","21.941","1.074","139.888"
"93","GTD","Andy Lally","1","1:50.931","1:50.931","Green","Track","0.000","7.860","26.487","23.703","7.851","0.578","21.528","0.964","149.811"
"57","GTD","Andrew Davis","1","1:52.075","1:52.075","Green","Track","0.000","7.379","26.613","23.725","7.917","0.590","21.404","1.004","146.764"
"28","GTD","Michael Christensen","1","2:00.825","2:00.825","Green","Track","0.000","7.784","28.182","24.592","10.597","0.679","21.724","0.998","127.527"
"23","GTD","Townsend Bell","1","2:03.685","2:03.685","Green","Track","23.060","12.035","27.490","23.631","7.887","0.571","20.969","0.937","151.648"
"54","GTD","Jonathan Bennett","1","2:04.239","2:04.239","Green","Track","24.406","10.517","27.380","23.439","7.734","0.572","21.375","0.973","151.383"
"75","GTD","Dion von Moltke","1","2:39.376","2:39.376","Green","Track","25.244","8.275","33.025","36.102","16.425","1.166","27.284","1.026","74.263"
"86","GTD","Oswaldo Negri Jr.","1","2:44.695","2:44.695","Green","Track","0.000","6.410","29.721","31.566","17.584","1.387","26.027","1.073","62.430"
"48","GTD","Madison Snow","1","2:50.731","2:50.731","Green","Track","0.000","6.094","24.847","22.782","7.775","0.567","21.308","0.949","152.718"
"29","GTD","Sheldon van der Linde","1","2:54.067","2:54.067","Green","Track","23.217","6.788","27.802","32.039","18.057","1.552","30.012","0.992","55.793"
"16","GTD","Jeroen Mul","1","2:57.901","2:57.901","Green","Track","24.012","5.387","24.435","23.019","9.974","0.846","24.319","0.962","102.353"
"63","GTD","Matteo Cressoni","2","1:26.329","3:02.051","Green","Track","5.871","4.329","23.488","21.960","7.615","0.558","21.559","0.949","155.181"
"96","GTD","Jesse Krohn","1","3:04.513","3:04.513","Green","Track","0.000","5.926","26.650","23.245","7.724","0.566","20.677","0.968","152.987"
"50","GTD","Cooper MacNeil","2","1:26.608","3:07.336","Green","Track","6.174","4.619","23.919","22.368","7.617","0.557","20.378","0.976","155.459"
"33","GTD","Ben Keating","2","1:31.111","3:12.926","Green","Track","6.535","4.675","24.976","23.946","7.883","0.602","21.552","0.942","143.839"
"93","GTD","Andy Lally","2","1:28.704","3:19.635","Green","Track","5.858","4.378","21.985","22.850","7.832","0.582","24.312","0.907","148.782"
"57","GTD","Andrew Davis","2","1:30.295","3:22.370","Green","Track","6.078","4.495","23.154","22.618","9.525","0.705","22.774","0.946","122.824"
"28","GTD","Michael Christensen","2","1:28.013","3:28.838","Green","Track","5.983","4.492","22.780","22.875","9.749","0.730","20.465","0.939","118.618"
"23","GTD","Townsend Bell","2","1:27.302","3:30.987","Green","Track","5.784","4.513","24.925","22.851","7.812","0.570","19.921","0.926","151.914"
"54","GTD","Jonathan Bennett","2","1:30.693","3:34.932","Green","Track","5.900","4.354","24.560","22.831","7.647","0.564","23.827","1.010","153.530"
"73","GTD","Patrick Lindsey","1","3:39.768","3:39.768","Green","Track","0.000","5.733","27.230","24.207","7.639","0.555","21.645","1.027","156.020"
"15","GTD","Jack Hawksworth","1","3:56.054","3:56.054","Green","Track","0.000","7.100","29.490","25.648","7.876","0.573","22.006","1.065","151.119"
"14","GTD","Sage Karam","1","4:00.209","4:00.209","Green","Track","0.000","6.314","30.736","26.878","8.514","0.655","21.299","0.954","132.200"
"75","GTD","Dion von Moltke","2","1:25.794","4:05.170","Green","Track","6.056","4.436","22.691","22.552","7.746","0.567","20.816","0.930","152.718"
"86","GTD","Oswaldo Negri Jr.","2","1:27.791","4:12.486","Green","Track","6.483","4.832","24.318","22.939","7.692","0.562","20.003","0.962","154.076"
"48","GTD","Madison Snow","2","1:27.540","4:18.271","Green","Track","5.816","4.322","22.208","25.034","8.169","0.647","20.417","0.927","133.834"
"29","GTD","Sheldon van der Linde","2","1:26.935","4:21.002","Green","Track","6.085","4.464","22.560","23.985","7.817","0.565","20.538","0.921","153.258"
"16","GTD","Jeroen Mul","2","1:25.506","4:23.407","Green","Track","5.821","4.330","22.540","23.084","8.061","0.573","20.184","0.913","151.119"
"63","GTD","Matteo Cressoni","3","1:22.840","4:24.891","Green","Track","5.666","4.479","22.077","21.785","7.576","0.553","19.784","0.920","156.584"
"96","GTD","Jesse Krohn","2","1:24.638","4:29.151","Green","Track","5.910","4.442","23.039","22.238","7.678","0.563","19.841","0.927","153.803"
"50","GTD","Cooper MacNeil","3","1:23.059","4:30.395","Green","Track","5.852","4.313","22.101","21.981","7.606","0.555","19.681","0.970","156.020"
"33","GTD","Ben Keating","3","1:22.767","4:35.693","Green","Track","5.699","4.176","21.990","22.083","7.779","0.571","19.555","0.914","151.648"
"93","GTD","Andy Lally","3","1:21.751","4:41.386","Green","Track","5.547","4.154","21.318","21.990","7.658","0.561","19.619","0.904","154.351"
"57","GTD","Andrew Davis","3","1:22.885","4:45.255","Green","Track","5.775","4.235","22.067","22.145","7.695","0.560","19.498","0.910","154.627"
"28","GTD","Michael Christensen","3","1:22.400","4:51.238","Green","Track","5.748","4.268","22.089","21.935","7.613","0.556","19.279","0.912","155.739"
"23","GTD","Townsend Bell","3","1:22.645","4:53.632","Green","Track","5.679","4.205","21.567","22.144","7.788","0.567","19.770","0.925","152.718"
"54","GTD","Jonathan Bennett","3","1:24.531","4:59.463","Green","Track","5.984","4.502","22.661","22.238","7.728","0.566","19.910","0.942","152.987"
"73","GTD","Patrick Lindsey","2","1:28.163","5:07.931","Green","Track","6.585","4.983","24.413","23.091","7.646","0.558","19.956","0.931","155.181"
"15","GTD","Jack Hawksworth","2","1:25.926","5:21.980","Green","Track","6.314","4.564","23.559","22.592","7.758","0.569","19.663","0.907","152.181"
"14","GTD","Sage Karam","2","1:25.118","5:25.327","Green","Track","6.206","4.768","23.240","22.286","7.649","0.558","19.506","0.905","155.181"
"75","GTD","Dion von Moltke","3","1:22.610","5:27.780","Green","Track","5.646","4.162","21.769","22.012","7.697","0.562","19.843","0.919","154.076"
"86","GTD","Oswaldo Negri Jr.","3","1:23.660","5:36.146","Green","Track","5.802","4.313","22.515","22.289","7.687","0.564","19.571","0.919","153.530"
"48","GTD","Madison Snow","3","1:21.809","5:40.080","Green","Track","5.643","4.213","21.525","21.876","7.673","0.560","19.404","0.915","154.627"
"29","GTD","Sheldon van der Linde","3","1:21.946","5:42.948","Green","Track","5.649","4.230","21.588","21.979","7.698","0.561","19.333","0.908","154.351"
"16","GTD","Jeroen Mul","3","1:21.767","5:45.174","Green","Track","5.533","4.127","21.436","21.913","7.676","0.560","19.610","0.912","154.627"
"63","GTD","Matteo Cressoni","4","1:21.289","5:46.180","Green","Track","5.597","4.158","21.398","21.727","7.561","0.552","19.382","0.914","156.868"
"96","GTD","Jesse Krohn","3","1:23.039","5:52.190","Green","Track","5.691","4.245","22.352","21.838","7.622","0.561","19.822","0.908","154.351"
"50","GTD","Cooper MacNeil","4","1:22.730","5:53.125","Green","Track","5.823","4.290","22.066","21.909","7.607","0.554","19.523","0.958","156.301"
"33","GTD","Ben Keating","4","1:22.808","5:58.501","Green","Track","5.585","4.083","21.879","22.301","7.783","0.570","19.685","0.922","151.914"
"93","GTD","Andy Lally","4","1:20.996","6:02.382","Green","Track","5.527","4.125","21.126","21.798","7.626","0.560","19.331","0.903","154.627"
"57","GTD","Andrew Davis","4","1:21.591","6:06.846","Green","Track","5.596","4.135","21.427","22.033","7.692","0.561","19.240","0.907","154.351"
"28","GTD","Michael Christensen","4","1:20.968","6:12.206","Green","Track","5.563","4.057","21.379","21.657","7.614","0.556","19.230","0.912","155.739"
"23","GTD","Townsend Bell","4","1:22.107","6:15.739","Green","Track","5.627","4.180","21.571","22.057","7.788","0.566","19.395","0.923","152.987"
"54","GTD","Jonathan Bennett","4","1:23.488","6:22.951","Green","Track","5.850","4.401","22.095","22.107","7.694","0.564","19.827","0.950","153.530"
"73","GTD","Patrick Lindsey","3","1:22.259","6:30.190","Green","Track","5.653","4.199","21.753","22.130","7.639","0.555","19.415","0.915","156.020"
"15","GTD","Jack Hawksworth","3","1:21.305","6:43.285","Green","Track","5.528","4.096","21.459","21.845","7.674","0.561","19.235","0.907","154.351"
"14","GTD","Sage Karam","3","1:21.371","6:46.698","Green","Track","5.587","4.201","21.444","21.839","7.607","0.555","19.231","0.907","156.020"
"75","GTD","Dion von Moltke","4","1:22.024","6:49.804","Green","Track","5.585","4.147","21.708","21.937","7.688","0.563","19.478","0.918","153.803"
"86","GTD","Oswaldo Negri Jr.","4","1:21.610","6:57.756","Green","Track","5.626","4.243","21.551","21.894","7.652","0.558","19.178","0.908","155.181"
"48","GTD","Madison Snow","4","1:22.746","7:02.826","Green","Track","5.595","4.095","22.642","21.988","7.641","0.559","19.308","0.918","154.903"
"29","GTD","Sheldon van der Linde","4","1:21.222","7:04.170","Green","Track","5.572","4.187","21.409","21.804","7.655","0.557","19.134","0.904","155.459"
"16","GTD","Jeroen Mul","4","1:21.063","7:06.237","Green","Track","5.505","4.088","21.317","21.858","7.673","0.559","19.151","0.912","154.903"
"63","GTD","Matteo Cressoni","5","1:24.492","7:10.672","Green","Track","5.553","4.152","21.879","22.935","8.138","0.596","20.319","0.920","145.287"
"96","GTD","Jesse Krohn","4","1:21.389","7:13.579","Green","Track","5.539","4.183","21.478","21.769","7.624","0.560","19.332","0.904","154.627"
"50","GTD","Cooper MacNeil","5","1:22.639","7:15.764","Green","Track","5.764","4.265","22.108","21.954","7.618","0.555","19.418","0.957","156.020"
"33","GTD","Ben Keating","5","1:24.762","7:23.263","Green","Track","5.627","4.466","23.330","22.279","7.788","0.570","19.772","0.930","151.914"
"93","GTD","Andy Lally","5","1:24.639","7:27.021","Green","Track","5.513","4.199","21.791","23.078","7.800","0.651","20.709","0.898","133.012"
"57","GTD","Andrew Davis","5","1:21.297","7:28.143","Green","Track","5.578","4.069","21.246","22.001","7.673","0.560","19.262","0.908","154.627"
"23","GTD","Townsend Bell","5","1:21.648","7:37.387","Green","Track","5.643","4.147","21.334","21.952","7.776","0.567","19.309","0.920","152.718"
"28","GTD","Michael Christensen","5","1:32.183","7:44.389","Green","Track","5.563","4.052","21.403","21.740","10.011","1.071","27.429","0.914","80.851"
"54","GTD","Jonathan Bennett","5","1:23.560","7:46.511","Green","Track","5.859","4.352","22.279","22.166","7.689","0.565","19.709","0.941","153.258"
"73","GTD","Patrick Lindsey","4","1:21.973","7:52.163","Green","Track","5.601","4.187","21.765","22.145","7.605","0.553","19.206","0.911","156.584"
"15","GTD","Jack Hawksworth","4","1:21.033","8:04.318","Green","Track","5.524","4.002","21.330","21.778","7.664","0.561","19.267","0.907","154.351"
"14","GTD","Sage Karam","4","1:21.120","8:07.818","Green","Track","5.542","4.118","21.366","21.749","7.602","0.555","19.281","0.907","156.020"
"75","GTD","Dion von Moltke","5","1:21.944","8:11.748","Green","Track","5.593","4.083","21.708","22.082","7.695","0.563","19.309","0.911","153.803"
"86","GTD","Oswaldo Negri Jr.","5","1:21.283","8:19.039","Green","Track","5.566","4.117","21.406","21.922","7.653","0.556","19.155","0.908","155.739"
"48","GTD","Madison Snow","5","1:21.572","8:24.398","Green","Track","5.629","4.165","21.430","21.865","7.656","0.560","19.349","0.918","154.627"
"29","GTD","Sheldon van der Linde","5","1:21.064","8:25.234","Green","Track","5.541","4.160","21.297","21.889","7.661","0.559","19.053","0.904","154.903"
"16","GTD","Jeroen Mul","5","1:24.258","8:30.495","Green","Track","5.511","4.099","21.327","22.104","7.989","0.685","21.627","0.916","126.410"
"63","GTD","Matteo Cressoni","6","1:20.844","8:31.516","Green","Track","5.559","4.151","21.351","21.695","7.578","0.555","19.050","0.905","156.020"
"96","GTD","Jesse Krohn","5","1:20.996","8:34.575","Green","Track","5.526","4.102","21.367","21.768","7.609","0.560","19.159","0.905","154.627"
"50","GTD","Cooper MacNeil","6","1:22.177","8:37.941","Green","Track","5.770","4.203","21.780","21.942","7.570","0.554","19.413","0.945","156.301"
"33","GTD","Ben Keating","6","1:21.959","8:45.222","Green","Track","5.648","4.039","21.453","21.939","7.809","0.572","19.584","0.915","151.383"
"93","GTD","Andy Lally","6","1:20.739","8:47.760","Green","Track","5.508","4.087","21.060","21.770","7.612","0.557","19.248","0.897","155.459"
"57","GTD","Andrew Davis","6","1:21.276","8:49.419","Green","Track","5.542","4.104","21.282","21.995","7.670","0.559","19.215","0.909","154.903"
"54","GTD","Jonathan Bennett","6","1:23.606","9:10.117","Green","Track","5.768","4.458","22.357","22.084","7.667","0.564","19.760","0.948","153.530"
"73","GTD","Patrick Lindsey","5","1:21.583","9:13.746","Green","Track","5.541","4.138","21.508","21.931","7.577","0.553","19.428","0.907","156.584"
"28","GTD","Michael Christensen","6","1:31.786","9:16.175","Green","Pit","5.609","4.065","21.207","21.770","7.599","0.556","21.513","9.467","155.739"
"15","GTD","Jack Hawksworth","5","1:20.798","9:25.116","Green","Track","5.507","3.982","21.262","21.726","7.648","0.562","19.204","0.907","154.076"
"14","GTD","Sage Karam","5","1:21.115","9:28.933","Green","Track","5.539","4.096","21.214","21.868","7.604","0.556","19.331","0.907","155.739"
"75","GTD","Dion von Moltke","6","1:22.331","9:34.079","Green","Track","5.589","4.124","21.674","22.150","7.712","0.566","19.604","0.912","152.987"
"86","GTD","Oswaldo Negri Jr.","6","1:21.389","9:40.428","Green","Track","5.570","4.137","21.467","21.871","7.623","0.561","19.250","0.910","154.351"
"48","GTD","Madison Snow","6","1:21.393","9:45.791","Green","Track","5.629","4.181","21.352","21.820","7.654","0.560","19.283","0.914","154.627"
"29","GTD","Sheldon van der Linde","6","1:24.491","9:49.725","Green","Track","5.517","4.177","21.200","21.848","7.710","0.674","22.461","0.904","128.473"
"16","GTD","Jeroen Mul","6","1:22.290","9:52.785","Green","Track","5.515","4.110","21.740","21.989","7.691","0.562","19.770","0.913","154.076"
"96","GTD","Jesse Krohn","6","1:20.904","9:55.479","Green","Track","5.516","4.063","21.393","21.684","7.589","0.557","19.195","0.907","155.459"
"63","GTD","Matteo Cressoni","7","1:26.952","9:58.468","Green","Track","5.505","4.154","21.741","23.270","9.664","0.652","21.044","0.922","132.808"
"50","GTD","Cooper MacNeil","7","1:22.259","10:00.200","Green","Track","5.761","4.274","21.683","21.908","7.584","0.555","19.539","0.955","156.020"
"33","GTD","Ben Keating","7","1:22.315","10:07.537","Green","Track","5.610","4.090","21.694","22.145","7.775","0.570","19.512","0.919","151.914"
"93","GTD","Andy Lally","7","1:20.753","10:08.513","Green","Track","5.496","4.093","21.154","21.821","7.578","0.554","19.156","0.901","156.301"
"57","GTD","Andrew Davis","7","1:24.635","10:14.054","Green","Track","5.562","4.114","21.241","21.981","7.665","0.558","22.607","0.907","155.181"
"54","GTD","Jonathan Bennett","7","1:23.379","10:33.496","Green","Track","5.860","4.418","22.244","22.125","7.677","0.564","19.556","0.935","153.530"
"73","GTD","Patrick Lindsey","6","1:21.470","10:35.216","Green","Track","5.577","4.169","21.442","21.923","7.566","0.552","19.324","0.917","156.868"
"23","GTD","Townsend Bell","6","2:59.522","10:36.909","Green","Pit","5.643","4.365","23.586","23.062","7.812","0.576","19.697","94.781","150.331"
"15","GTD","Jack Hawksworth","6","1:21.092","10:46.208","Green","Track","5.500","4.012","21.234","21.859","7.674","0.561","19.341","0.911","154.351"
"14","GTD","Sage Karam","6","1:25.853","10:54.786","Green","Track","5.539","4.068","21.336","21.852","7.703","0.691","23.762","0.902","125.312"
"75","GTD","Dion von Moltke","7","1:21.915","10:55.994","Green","Track","5.560","4.097","21.641","22.033","7.687","0.564","19.424","0.909","153.530"
"86","GTD","Oswaldo Negri Jr.","7","1:21.268","11:01.696","Green","Track","5.570","4.070","21.390","21.967","7.621","0.555","19.188","0.907","156.020"
"29","GTD","Sheldon van der Linde","7","1:20.978","11:10.703","Green","Track","5.553","4.144","21.142","21.840","7.660","0.558","19.177","0.904","155.181"
"16","GTD","Jeroen Mul","7","1:21.121","11:13.906","Green","Track","5.502","4.091","21.278","22.016","7.668","0.559","19.097","0.910","154.903"
"96","GTD","Jesse Krohn","7","1:20.981","11:16.460","Green","Track","5.527","4.086","21.327","21.770","7.613","0.558","19.199","0.901","155.181"
"48","GTD","Madison Snow","7","1:31.116","11:16.907","Green","Pit","5.589","4.231","21.360","21.909","7.673","0.560","20.291","9.503","154.627"
"63","GTD","Matteo Cressoni","8","1:21.034","11:19.502","Green","Track","5.566","4.136","21.538","21.779","7.574","0.554","18.993","0.894","156.301"
"93","GTD","Andy Lally","8","1:26.268","11:34.781","Green","Track","5.805","4.625","24.209","22.377","7.603","0.559","20.187","0.903","154.903"
"57","GTD","Andrew Davis","8","1:21.220","11:35.274","Green","Track","5.552","4.127","21.347","21.939","7.651","0.558","19.138","0.908","155.181"
"50","GTD","Cooper MacNeil","8","1:39.295","11:39.495","Green","Pit","6.308","4.916","25.443","23.182","7.653","0.557","21.737","9.499","155.459"
"33","GTD","Ben Keating","8","1:32.405","11:39.942","Green","Track","6.084","5.438","25.799","24.353","7.873","0.623","21.309","0.926","138.990"
"54","GTD","Jonathan Bennett","8","1:23.447","11:56.943","Green","Track","5.749","4.453","22.362","22.120","7.660","0.562","19.595","0.946","154.076"
"73","GTD","Patrick Lindsey","7","1:39.598","12:14.814","Green","Pit","6.351","4.685","24.878","23.154","8.132","0.645","21.609","10.144","134.249"
"14","GTD","Sage Karam","7","1:22.280","12:17.066","Green","Track","5.509","4.124","21.353","21.872","7.578","0.552","20.223","1.069","156.868"
"15","GTD","Jack Hawksworth","7","1:32.079","12:18.287","Green","Track","5.915","4.458","25.619","26.335","8.611","0.605","19.632","0.904","143.125"
"75","GTD","Dion von Moltke","8","1:25.720","12:21.714","Green","Track","5.578","4.163","21.963","23.912","8.186","0.663","20.347","0.908","130.605"
"23","GTD","Townsend Bell","7","1:50.439","12:27.348","Green","Track","22.673","5.902","24.807","25.583","9.224","0.697","20.631","0.922","124.234"
"86","GTD","Oswaldo Negri Jr.","8","1:29.957","12:31.653","Green","Track","5.562","4.129","21.521","27.239","8.840","0.721","21.038","0.907","120.098"
"29","GTD","Sheldon van der Linde","8","1:23.204","12:33.907","Green","Track","5.551","4.259","21.250","21.785","7.622","0.554","21.281","0.902","156.301"
"16","GTD","Jeroen Mul","8","1:22.128","12:36.034","Green","Track","5.483","4.110","21.391","21.892","7.642","0.558","20.112","0.940","155.181"
"63","GTD","Matteo Cressoni","9","1:20.661","12:40.163","Green","Track","5.466","4.097","21.273","21.679","7.553","0.552","19.145","0.896","156.868"
"96","GTD","Jesse Krohn","8","1:31.850","12:48.310","Green","Pit","5.501","4.096","21.537","21.801","7.543","0.554","21.376","9.442","156.301"
"93","GTD","Andy Lally","9","1:21.077","12:55.858","Green","Track","5.505","4.091","21.175","21.969","7.600","0.556","19.284","0.897","155.739"
"57","GTD","Andrew Davis","9","1:24.506","12:59.780","Green","Track","5.545","4.186","22.319","22.733","8.247","0.632","19.936","0.908","137.011"
"33","GTD","Ben Keating","9","1:23.533","13:03.475","Green","Track","5.638","4.257","21.717","22.243","7.748","0.567","20.452","0.911","152.718"
"54","GTD","Jonathan Bennett","9","1:23.447","13:20.390","Green","Track","5.823","4.410","22.196","22.196","7.653","0.560","19.683","0.926","154.627"
"75","GTD","Dion von Moltke","9","1:24.333","13:46.047","Green","Track","5.528","4.412","23.119","22.696","7.694","0.562","19.415","0.907","154.076"
"23","GTD","Townsend Bell","8","1:21.695","13:49.043","Green","Track","5.610","4.070","21.301","21.974","7.739","0.560","19.516","0.925","154.627"
"86","GTD","Oswaldo Negri Jr.","9","1:20.998","13:52.651","Green","Track","5.569","4.142","21.372","21.720","7.578","0.554","19.152","0.911","156.301"
"29","GTD","Sheldon van der Linde","9","1:20.830","13:54.737","Green","Track","5.578","4.160","21.140","21.809","7.625","0.554","19.063","0.901","156.301"
"16","GTD","Jeroen Mul","9","1:21.240","13:57.274","Green","Track","5.590","4.156","21.270","21.977","7.633","0.556","19.146","0.912","155.739"
"15","GTD","Jack Hawksworth","8","1:39.080","13:57.367","Green","Pit","5.487","4.043","21.285","21.887","7.629","0.557","22.554","15.638","155.459"
"14","GTD","Sage Karam","8","1:42.380","13:59.446","Green","Pit","7.772","4.576","24.728","22.761","9.362","0.748","22.730","9.703","115.763"
"63","GTD","Matteo Cressoni","10","1:23.690","14:03.853","Green","Track","5.487","4.129","21.144","21.829","8.101","0.649","21.438","0.913","133.422"
"93","GTD","Andy Lally","10","1:21.003","14:16.861","Green","Track","5.501","4.089","21.124","21.835","7.591","0.554","19.405","0.904","156.301"
"57","GTD","Andrew Davis","10","1:21.330","14:21.110","Green","Track","5.587","4.066","21.241","22.051","7.664","0.557","19.257","0.907","155.459"
"33","GTD","Ben Keating","10","2:02.470","15:05.945","Finish","Pit","5.595","4.025","41.758","26.676","9.016","0.726","25.453","9.221","119.271"
"75","GTD","Dion von Moltke","10","1:22.074","15:08.121","Finish","Track","5.551","4.097","21.761","22.145","7.673","0.563","19.376","0.908","153.803"
"29","GTD","Sheldon van der Linde","10","1:20.897","15:15.634","Finish","Track","5.548","4.106","21.161","21.824","7.624","0.557","19.173","0.904","155.459"
"86","GTD","Oswaldo Negri Jr.","10","1:33.828","15:26.479","Finish","Pit","5.564","4.138","21.435","21.800","7.595","0.557","22.044","10.695","155.459"
"63","GTD","Matteo Cressoni","11","1:33.667","15:37.520","Finish","Pit","5.542","4.103","21.320","22.847","8.160","0.595","21.812","9.288","145.531"
"57","GTD","Andrew Davis","11","1:21.300","15:42.410","Finish","Track","5.531","4.102","21.281","21.937","7.661","0.560","19.320","0.908","154.627"
"93","GTD","Andy Lally","11","1:36.253","15:53.114","Finish","Pit","5.506","4.097","24.740","23.814","7.580","0.554","20.224","9.738","156.301"
"3","GTLM","Antonio Garcia","1","27:03.710","27:03.710","Green","Track","0.000","6.614","26.908","23.130","7.679","0.561","20.514","0.956","154.351"
"4","GTLM","Tommy Milner","1","27:25.452","27:25.452","Green","Track","0.000","6.048","27.451","23.054","7.648","0.560","20.391","0.960","154.627"
"911","GTLM","Patrick Pilet","1","27:32.186","27:32.186","Green","Track","0.000","5.537","24.822","22.573","7.623","0.559","19.675","0.900","154.903"
"3","GTLM","Antonio Garcia","2","1:21.938","28:25.648","Green","Track","5.824","4.194","21.965","21.725","7.518","0.551","19.271","0.890","157.152"
"912","GTLM","Gianmaria Bruni","1","28:40.656","28:40.656","Green","Track","0.000","7.258","26.220","23.087","7.868","0.567","19.933","0.935","152.718"
"4","GTLM","Tommy Milner","2","1:22.470","28:47.922","Green","Track","5.868","4.223","22.236","21.810","7.539","0.553","19.332","0.909","156.584"
"911","GTLM","Patrick Pilet","2","1:21.303","28:53.489","Green","Track","5.638","4.126","21.671","21.637","7.556","0.553","19.240","0.882","156.584"
"67","GTLM","Richard Westbrook","1","29:10.712","29:10.712","Green","Track","0.000","6.191","25.332","22.062","7.549","0.553","19.794","0.949","156.584"
"62","GTLM","Toni Vilander","1","29:15.473","29:15.473","Green","Track","0.000","7.318","27.252","23.179","7.593","0.553","19.793","0.976","156.584"
"25","GTLM","Bill Auberlen","1","29:18.495","29:18.495","Green","Track","0.000","8.932","27.548","22.334","7.456","0.547","19.239","0.880","158.301"
"24","GTLM","Martin Tomczyk","1","29:27.297","29:27.297","Green","Track","0.000","5.938","24.986","22.639","7.605","0.619","20.804","0.946","139.888"
"3","GTLM","Antonio Garcia","3","1:19.368","29:45.016","Green","Track","5.483","4.009","20.891","21.385","7.477","0.548","18.692","0.883","158.013"
"912","GTLM","Gianmaria Bruni","2","1:21.226","30:01.882","Green","Track","5.750","4.089","21.850","21.497","7.610","0.557","18.984","0.889","155.459"
"4","GTLM","Tommy Milner","3","1:20.165","30:08.087","Green","Track","5.573","4.031","21.189","21.483","7.516","0.549","18.938","0.886","157.725"
"911","GTLM","Patrick Pilet","3","1:19.217","30:12.706","Green","Track","5.489","3.980","20.720","21.210","7.545","0.552","18.838","0.883","156.868"
"67","GTLM","Richard Westbrook","2","1:20.677","30:31.389","Green","Track","5.829","4.088","21.782","21.220","7.465","0.546","18.864","0.883","158.591"
"62","GTLM","Toni Vilander","2","1:21.078","30:36.551","Green","Track","5.808","4.293","21.908","21.324","7.528","0.551","18.783","0.883","157.152"
"25","GTLM","Bill Auberlen","2","1:21.380","30:39.875","Green","Track","5.417","3.946","20.783","21.264","7.397","0.543","21.159","0.871","159.468"
"24","GTLM","Martin Tomczyk","2","1:21.178","30:48.475","Green","Track","5.731","4.247","21.480","21.708","7.455","0.548","19.134","0.875","158.013"
"66","GTLM","Joey Hand","1","30:59.513","30:59.513","Green","Track","0.000","5.762","24.940","22.445","7.573","0.556","19.894","0.963","155.739"
"3","GTLM","Antonio Garcia","4","1:17.852","31:02.868","Green","Track","5.393","3.861","20.288","20.992","7.443","0.544","18.456","0.875","159.174"
"912","GTLM","Gianmaria Bruni","3","1:19.421","31:21.303","Green","Track","5.505","4.057","20.865","21.237","7.583","0.555","18.733","0.886","156.020"
"4","GTLM","Tommy Milner","4","1:18.528","31:26.615","Green","Track","5.444","3.909","20.492","21.059","7.494","0.551","18.694","0.885","157.152"
"911","GTLM","Patrick Pilet","4","1:18.547","31:31.253","Green","Track","5.456","3.945","20.329","21.079","7.561","0.554","18.739","0.884","156.301"
"67","GTLM","Richard Westbrook","3","1:18.304","31:49.693","Green","Track","5.452","3.875","20.474","20.973","7.457","0.547","18.647","0.879","158.301"
"62","GTLM","Toni Vilander","3","1:18.381","31:54.932","Green","Track","5.434","4.026","20.541","20.997","7.494","0.551","18.460","0.878","157.152"
"25","GTLM","Bill Auberlen","3","1:18.221","31:58.096","Green","Track","5.368","3.879","20.672","20.955","7.400","0.544","18.532","0.871","159.174"
"24","GTLM","Martin Tomczyk","3","1:18.308","32:06.783","Green","Track","5.374","3.993","20.369","21.044","7.437","0.548","18.669","0.874","158.013"
"3","GTLM","Antonio Garcia","5","1:17.967","32:20.835","Green","Track","5.317","3.854","20.296","21.152","7.470","0.547","18.458","0.873","158.301"
"66","GTLM","Joey Hand","2","1:23.148","32:22.661","Green","Track","5.886","4.282","21.856","22.834","7.545","0.554","19.264","0.927","156.301"
"912","GTLM","Gianmaria Bruni","4","1:18.734","32:40.037","Green","Track","5.451","3.924","20.436","21.134","7.588","0.556","18.759","0.886","155.739"
"4","GTLM","Tommy Milner","5","1:18.318","32:44.933","Green","Track","5.403","3.869","20.386","21.082","7.483","0.548","18.663","0.884","158.013"
"911","GTLM","Patrick Pilet","5","1:18.540","32:49.793","Green","Track","5.441","3.972","20.269","21.131","7.574","0.555","18.714","0.884","156.020"
"67","GTLM","Richard Westbrook","4","1:17.857","33:07.550","Green","Track","5.384","3.819","20.315","20.866","7.459","0.546","18.588","0.880","158.591"
"62","GTLM","Toni Vilander","4","1:17.904","33:12.836","Green","Track","5.401","3.931","20.219","21.014","7.509","0.552","18.402","0.876","156.868"
"25","GTLM","Bill Auberlen","4","1:18.048","33:16.144","Green","Track","5.345","3.891","20.455","20.978","7.407","0.545","18.557","0.870","158.882"
"24","GTLM","Martin Tomczyk","4","1:18.084","33:24.867","Green","Track","5.331","3.911","20.344","21.037","7.427","0.547","18.615","0.872","158.301"
"3","GTLM","Antonio Garcia","6","1:17.787","33:38.622","Green","Track","5.335","3.822","20.314","20.938","7.441","0.545","18.517","0.875","158.882"
"66","GTLM","Joey Hand","3","1:19.357","33:42.018","Green","Track","5.690","4.062","20.858","21.066","7.485","0.545","18.762","0.889","158.882"
"912","GTLM","Gianmaria Bruni","5","1:18.459","33:58.496","Green","Track","5.449","3.878","20.320","21.092","7.568","0.555","18.714","0.883","156.020"
"4","GTLM","Tommy Milner","6","1:18.024","34:02.957","Green","Track","5.399","3.870","20.380","20.984","7.469","0.548","18.492","0.882","158.013"
"911","GTLM","Patrick Pilet","6","1:29.645","34:19.438","Green","Pit","5.470","3.883","20.559","22.077","7.569","0.554","20.087","9.446","156.301"
"67","GTLM","Richard Westbrook","5","1:17.705","34:25.255","Green","Track","5.392","3.807","20.351","20.800","7.460","0.545","18.472","0.878","158.882"
"62","GTLM","Toni Vilander","5","1:17.664","34:30.500","Green","Track","5.368","3.878","20.202","20.912","7.490","0.550","18.389","0.875","157.438"
"25","GTLM","Bill Auberlen","5","1:18.104","34:34.248","Green","Track","5.341","3.906","20.490","21.010","7.412","0.545","18.532","0.868","158.882"
"24","GTLM","Martin Tomczyk","5","1:18.190","34:43.057","Green","Track","5.321","3.924","20.366","21.121","7.441","0.548","18.597","0.872","158.013"
"3","GTLM","Antonio Garcia","7","1:19.145","34:57.767","Green","Track","5.326","3.841","20.349","20.971","7.453","0.547","19.666","0.992","158.301"
"66","GTLM","Joey Hand","4","1:18.513","35:00.531","Green","Track","5.511","3.944","20.663","20.933","7.443","0.546","18.593","0.880","158.591"
"912","GTLM","Gianmaria Bruni","6","1:18.472","35:16.968","Green","Track","5.436","3.918","20.331","21.166","7.565","0.553","18.618","0.885","156.584"
"4","GTLM","Tommy Milner","7","1:18.155","35:21.112","Green","Track","5.403","3.880","20.467","20.995","7.443","0.545","18.542","0.880","158.882"
"67","GTLM","Richard Westbrook","6","1:17.722","35:42.977","Green","Track","5.370","3.831","20.344","20.855","7.438","0.543","18.463","0.878","159.468"
"62","GTLM","Toni Vilander","6","1:18.659","35:49.159","Green","Track","5.405","3.892","20.193","20.974","7.472","0.548","19.295","0.880","158.013"
"25","GTLM","Bill Auberlen","6","1:17.731","35:51.979","Green","Track","5.324","3.848","20.247","21.021","7.395","0.542","18.484","0.870","159.762"
"24","GTLM","Martin Tomczyk","6","1:18.158","36:01.215","Green","Track","5.314","3.913","20.317","21.047","7.397","0.543","18.750","0.877","159.468"
"66","GTLM","Joey Hand","5","1:17.910","36:18.441","Green","Track","5.432","3.919","20.368","20.877","7.438","0.541","18.453","0.882","160.057"
"3","GTLM","Antonio Garcia","8","1:25.706","36:23.473","Green","Track","5.844","4.064","21.265","24.381","9.013","0.645","19.620","0.874","134.249"
"912","GTLM","Gianmaria Bruni","7","1:18.161","36:35.129","Green","Track","5.435","3.871","20.288","21.044","7.534","0.551","18.555","0.883","157.152"
"4","GTLM","Tommy Milner","8","1:17.919","36:39.031","Green","Track","5.384","3.862","20.366","20.974","7.436","0.545","18.471","0.881","158.882"
"911","GTLM","Patrick Pilet","7","2:24.946","36:44.384","Green","Track","64.258","5.137","24.852","22.129","7.556","0.553","19.581","0.880","156.584"
"67","GTLM","Richard Westbrook","7","1:17.769","37:00.746","Green","Track","5.389","3.822","20.303","20.881","7.443","0.544","18.508","0.879","159.174"
"62","GTLM","Toni Vilander","7","1:17.660","37:06.819","Green","Track","5.402","3.884","20.222","20.860","7.463","0.547","18.406","0.876","158.301"
"25","GTLM","Bill Auberlen","7","1:17.961","37:09.940","Green","Track","5.332","3.892","20.345","21.064","7.388","0.542","18.529","0.869","159.762"
"24","GTLM","Martin Tomczyk","7","1:30.694","37:31.909","Green","Pit","5.346","3.940","20.375","22.126","7.484","0.547","21.627","9.249","158.301"
"66","GTLM","Joey Hand","6","1:17.855","37:36.296","Green","Track","5.428","3.902","20.369","20.815","7.448","0.544","18.470","0.879","159.174"
"3","GTLM","Antonio Garcia","9","1:17.714","37:41.187","Green","Track","5.328","3.846","20.222","20.972","7.419","0.544","18.506","0.877","159.174"
"912","GTLM","Gianmaria Bruni","8","1:18.667","37:53.796","Green","Track","5.423","3.905","20.449","21.039","7.546","0.554","18.870","0.881","156.301"
"4","GTLM","Tommy Milner","9","1:17.975","37:57.006","Green","Track","5.375","3.859","20.294","20.897","7.445","0.546","18.672","0.887","158.591"
"911","GTLM","Patrick Pilet","8","1:18.778","38:03.162","Green","Track","5.438","3.949","20.628","21.059","7.561","0.555","18.709","0.879","156.020"
"62","GTLM","Toni Vilander","8","1:20.947","38:27.766","Green","Track","5.401","3.951","20.340","21.779","8.478","0.645","19.478","0.875","134.249"
"67","GTLM","Richard Westbrook","8","1:29.514","38:30.260","Green","Pit","5.392","3.828","20.402","21.531","7.457","0.548","21.146","9.210","158.013"
"25","GTLM","Bill Auberlen","8","1:33.104","38:43.044","Green","Pit","5.338","3.889","21.817","22.823","8.150","0.615","21.351","9.121","140.798"
"66","GTLM","Joey Hand","7","1:17.742","38:54.038","Green","Track","5.424","3.872","20.265","20.833","7.460","0.547","18.464","0.877","158.301"
"3","GTLM","Antonio Garcia","10","1:17.740","38:58.927","Green","Track","5.314","3.811","20.287","21.027","7.427","0.545","18.452","0.877","158.882"
"4","GTLM","Tommy Milner","10","1:17.823","39:14.829","Green","Track","5.407","3.881","20.330","20.901","7.443","0.547","18.435","0.879","158.301"
"911","GTLM","Patrick Pilet","9","1:18.485","39:21.647","Green","Track","5.443","3.870","20.420","21.048","7.556","0.556","18.706","0.886","155.739"
"912","GTLM","Gianmaria Bruni","9","1:30.364","39:24.160","Green","Pit","5.422","3.974","20.633","21.596","7.574","0.557","21.269","9.339","155.459"
"62","GTLM","Toni Vilander","9","1:29.395","39:57.161","Green","Pit","5.423","3.917","20.348","20.960","7.500","0.551","21.134","9.562","157.152"
"66","GTLM","Joey Hand","8","1:17.729","40:11.767","Finish","Track","5.428","3.896","20.191","20.858","7.468","0.547","18.464","0.877","158.301"
"4","GTLM","Tommy Milner","11","1:18.112","40:32.941","Finish","Track","5.369","3.811","20.297","21.017","7.478","0.547","18.679","0.914","158.301"
"3","GTLM","Antonio Garcia","11","1:34.727","40:33.654","Finish","Pit","5.330","3.816","22.648","24.230","7.565","0.552","21.196","9.390","156.868"
"911","GTLM","Patrick Pilet","10","1:18.426","40:40.073","Finish","Track","5.451","3.855","20.348","21.002","7.571","0.554","18.763","0.882","156.301"
"38","PC","James French","1","51:42.258","51:42.258","Green","Track","0.000","6.541","26.279","26.294","9.985","0.668","21.071","0.924","129.627"
"26","PC","Garett Grist","1","51:52.633","51:52.633","Green","Track","0.000","6.301","27.813","25.916","9.743","0.734","22.760","1.044","117.971"
"20","PC","Don Yount","1","51:54.006","51:54.006","Green","Track","0.000","5.984","27.836","25.474","10.811","0.738","22.111","0.937","117.332"
"38","PC","James French","2","1:24.615","53:06.873","Green","Track","5.833","4.269","23.063","23.323","7.326","0.543","19.409","0.849","159.468"
"26","PC","Garett Grist","2","1:24.654","53:17.287","Green","Track","6.672","4.561","23.714","21.650","7.304","0.545","19.326","0.882","158.882"
"20","PC","Don Yount","2","1:25.119","53:19.125","Green","Track","6.640","4.714","24.058","21.613","7.330","0.543","19.355","0.866","159.468"
"38","PC","James French","3","1:17.909","54:24.782","Green","Track","5.348","3.798","20.100","20.644","7.249","0.538","19.385","0.847","160.950"
"26","PC","Garett Grist","3","1:19.303","54:36.590","Green","Track","5.563","4.042","21.305","20.870","7.275","0.543","18.841","0.864","159.468"
"20","PC","Don Yount","3","1:20.061","54:39.186","Green","Track","5.467","4.064","21.587","21.177","7.306","0.544","19.053","0.863","159.174"
"38","PC","James French","4","1:16.554","55:41.336","Green","Track","5.299","3.746","19.905","20.424","7.243","0.536","18.553","0.848","161.550"
"26","PC","Garett Grist","4","1:17.696","55:54.286","Green","Track","5.367","3.884","20.607","20.688","7.269","0.542","18.488","0.851","159.762"
"20","PC","Don Yount","4","1:18.838","55:58.024","Green","Track","5.357","3.898","20.839","21.127","7.325","0.542","18.896","0.854","159.762"
"38","PC","James French","5","1:16.813","56:58.149","Green","Track","5.296","3.744","19.889","20.676","7.287","0.539","18.536","0.846","160.651"
"26","PC","Garett Grist","5","1:17.493","57:11.779","Green","Track","5.309","3.903","20.562","20.568","7.234","0.539","18.518","0.860","160.651"
"20","PC","Don Yount","5","1:18.796","57:16.820","Green","Track","5.369","3.848","20.759","21.217","7.318","0.542","18.885","0.858","159.762"
"38","PC","James French","6","1:16.262","58:14.411","Green","Track","5.282","3.679","19.759","20.464","7.256","0.537","18.439","0.846","161.249"
"26","PC","Garett Grist","6","1:17.244","58:29.023","Green","Track","5.334","3.911","20.328","20.639","7.255","0.540","18.385","0.852","160.354"
"20","PC","Don Yount","6","1:18.365","58:35.185","Green","Track","5.345","3.823","20.764","21.121","7.300","0.542","18.616","0.854","159.762"
"38","PC","James French","7","1:16.069","59:30.480","Green","Track","5.276","3.624","19.741","20.392","7.248","0.537","18.404","0.847","161.249"
"26","PC","Garett Grist","7","1:17.794","59:46.817","Green","Track","5.304","3.899","20.541","20.832","7.300","0.542","18.491","0.885","159.762"
"20","PC","Don Yount","7","1:18.065","59:53.250","Green","Track","5.343","3.810","20.626","20.795","7.292","0.541","18.802","0.856","160.057"
"38","PC","James French","8","1:35.092","1:01:05.572","Green","Pit","5.563","4.056","22.501","21.894","7.415","0.589","23.239","9.835","147.013"
"20","PC","Don Yount","8","1:18.067","1:01:11.317","Green","Track","5.321","3.793","20.720","21.039","7.274","0.539","18.523","0.858","160.651"
"26","PC","Garett Grist","8","1:38.608","1:01:25.425","Green","Pit","5.416","3.917","21.896","23.718","8.825","0.707","24.509","9.620","122.477"
"20","PC","Don Yount","9","1:18.291","1:02:29.608","Green","Track","5.328","3.753","20.889","21.092","7.303","0.541","18.534","0.851","160.057"
"20","PC","Don Yount","10","1:17.902","1:03:47.510","Green","Track","5.273","3.805","20.546","20.986","7.307","0.540","18.591","0.854","160.354"
"20","PC","Don Yount","11","1:17.628","1:05:05.138","Finish","Track","5.316","3.756","20.614","20.745","7.278","0.540","18.527","0.852","160.354"
"10","P","Ricky Taylor","1","1:16:29.695","1:16:29.695","Green","Track","0.000","6.082","25.150","22.714","7.082","0.521","19.125","0.852","166.201"
"85","P","Misha Goikhberg","1","1:16:37.270","1:16:37.270","Green","Track","0.000","5.291","24.119","22.962","8.902","0.672","20.088","0.861","128.856"
"2","P","Brendon Hartley","1","1:16:44.976","1:16:44.976","Green","Track","0.000","5.749","25.447","23.347","9.150","0.826","23.425","0.860","104.832"
"22","P","Luis Felipe Derani","1","1:16:55.220","1:16:55.220","Green","Track","0.000","5.816","23.395","21.031","7.072","0.528","18.122","0.808","163.998"
"13","P","Mathias Beche","1","1:17:01.584","1:17:01.584","Green","Track","0.000","5.765","25.416","21.787","7.087","0.525","18.522","0.867","164.935"
"52","P","Olivier Pla","1","1:17:11.227","1:17:11.227","Green","Track","0.000","7.667","26.388","22.530","7.213","0.562","19.883","0.838","154.076"
"6","P","Helio Castroneves","1","1:17:35.898","1:17:35.898","Green","Track","0.000","6.191","24.969","33.766","7.931","0.544","18.290","0.826","159.174"
"10","P","Ricky Taylor","2","1:15.038","1:17:44.733","Green","Track","5.229","3.784","19.674","20.055","7.026","0.518","17.935","0.817","167.164"
"90","P","Renger Van Der Zande","1","1:17:46.972","1:17:46.972","Green","Track","0.000","5.780","25.203","21.960","7.459","0.657","19.742","0.850","131.797"
"85","P","Misha Goikhberg","2","1:16.146","1:17:53.416","Green","Track","5.313","3.702","19.901","20.253","7.004","0.517","18.637","0.819","167.487"
"2","P","Brendon Hartley","2","1:15.610","1:18:00.586","Green","Track","5.404","3.999","20.222","19.966","6.897","0.511","17.798","0.813","169.454"
"22","P","Luis Felipe Derani","2","1:12.303","1:18:07.523","Green","Track","5.036","3.492","18.655","19.556","6.889","0.511","17.357","0.807","169.454"
"13","P","Mathias Beche","2","1:14.708","1:18:16.292","Green","Track","5.268","3.843","19.746","19.891","6.972","0.516","17.653","0.819","167.812"
"52","P","Olivier Pla","2","1:16.331","1:18:27.558","Green","Track","5.240","3.869","20.226","19.973","7.268","0.554","18.375","0.826","156.301"
"6","P","Helio Castroneves","2","1:13.751","1:18:49.649","Green","Track","5.119","3.761","19.045","20.026","6.917","0.509","17.564","0.810","170.120"
"10","P","Ricky Taylor","3","1:12.856","1:18:57.589","Green","Track","5.024","3.539","18.966","19.602","7.010","0.517","17.381","0.817","167.487"
"90","P","Renger Van Der Zande","2","1:16.631","1:19:03.603","Green","Track","5.335","3.838","20.445","20.312","6.989","0.523","18.365","0.824","165.566"
"5","P","Christian Fittipaldi","1","1:19:04.781","1:19:04.781","Green","Track","0.000","5.441","26.070","21.737","7.739","0.550","19.025","0.834","157.438"
"85","P","Misha Goikhberg","3","1:13.606","1:19:07.022","Green","Track","5.077","3.541","19.052","19.903","6.913","0.510","17.793","0.817","169.786"
"2","P","Brendon Hartley","3","1:12.448","1:19:13.034","Green","Track","5.037","3.506","18.924","19.481","6.858","0.509","17.324","0.809","170.120"
"22","P","Luis Felipe Derani","3","1:13.631","1:19:21.154","Green","Track","4.960","3.409","18.532","20.507","7.091","0.518","17.811","0.803","167.164"
"13","P","Mathias Beche","3","1:12.395","1:19:28.687","Green","Track","5.048","3.580","18.554","19.512","6.918","0.509","17.459","0.815","170.120"
"52","P","Olivier Pla","3","1:12.419","1:19:39.977","Green","Track","5.024","3.409","18.655","19.526","6.956","0.515","17.512","0.822","168.138"
"31","P","Eric Curran","1","1:19:56.010","1:19:56.010","Green","Track","0.000","6.108","24.794","21.791","7.331","0.559","19.167","0.864","154.903"
"6","P","Helio Castroneves","3","1:11.672","1:20:01.321","Green","Track","4.993","3.585","18.392","19.448","6.875","0.506","17.070","0.803","171.128"
"10","P","Ricky Taylor","4","1:12.884","1:20:10.473","Green","Track","5.041","3.506","18.724","19.636","7.019","0.517","17.621","0.820","167.487"
"90","P","Renger Van Der Zande","3","1:13.492","1:20:17.095","Green","Track","5.102","3.506","18.994","19.836","6.983","0.520","17.733","0.818","166.521"
"85","P","Misha Goikhberg","4","1:12.906","1:20:19.928","Green","Track","5.061","3.452","18.740","19.764","6.887","0.509","17.682","0.811","170.120"
"5","P","Christian Fittipaldi","2","1:17.771","1:20:22.552","Green","Track","5.175","3.768","19.796","22.086","7.153","0.578","18.391","0.824","149.811"
"2","P","Brendon Hartley","4","1:11.499","1:20:24.533","Green","Track","4.960","3.372","18.344","19.376","6.867","0.509","17.266","0.805","170.120"
"22","P","Luis Felipe Derani","4","1:11.648","1:20:32.802","Green","Track","4.943","3.341","18.375","19.544","6.850","0.508","17.281","0.806","170.455"
"13","P","Mathias Beche","4","1:11.839","1:20:40.526","Green","Track","5.011","3.433","18.482","19.474","6.902","0.508","17.222","0.807","170.455"
"52","P","Olivier Pla","4","1:12.116","1:20:52.093","Green","Track","4.990","3.333","18.837","19.399","6.934","0.513","17.290","0.820","168.793"
"31","P","Eric Curran","2","1:15.540","1:21:11.550","Green","Track","5.359","3.853","20.218","20.194","7.023","0.518","17.550","0.825","167.164"
"6","P","Helio Castroneves","4","1:11.438","1:21:12.759","Green","Track","4.977","3.518","18.292","19.422","6.850","0.504","17.072","0.803","171.807"
"10","P","Ricky Taylor","5","1:12.283","1:21:22.756","Green","Track","5.032","3.506","18.519","19.575","7.002","0.516","17.316","0.817","167.812"
"90","P","Renger Van Der Zande","4","1:12.249","1:21:29.344","Green","Track","5.071","3.478","18.545","19.534","6.944","0.507","17.351","0.819","170.791"
"85","P","Misha Goikhberg","5","1:12.388","1:21:32.316","Green","Track","4.992","3.366","18.597","19.683","6.903","0.509","17.523","0.815","170.120"
"2","P","Brendon Hartley","5","1:11.632","1:21:36.165","Green","Track","4.955","3.344","18.331","19.530","6.864","0.507","17.292","0.809","170.791"
"5","P","Christian Fittipaldi","3","1:16.011","1:21:38.563","Green","Track","5.063","3.567","18.931","21.772","7.513","0.533","17.808","0.824","162.459"
"22","P","Luis Felipe Derani","5","1:11.475","1:21:44.277","Green","Track","4.935","3.393","18.400","19.439","6.867","0.506","17.132","0.803","171.128"
"13","P","Mathias Beche","5","1:11.652","1:21:52.178","Green","Track","4.961","3.398","18.517","19.417","6.888","0.507","17.157","0.807","170.791"
"52","P","Olivier Pla","5","1:12.182","1:22:04.275","Green","Track","4.966","3.332","18.655","19.620","6.939","0.511","17.339","0.820","169.454"
"31","P","Eric Curran","3","1:13.065","1:22:24.615","Green","Track","5.071","3.486","19.071","19.735","7.004","0.516","17.360","0.822","167.812"
"6","P","Helio Castroneves","5","1:16.897","1:22:29.656","Green","Track","5.210","4.045","22.148","20.357","6.850","0.505","16.981","0.801","171.467"
"10","P","Ricky Taylor","6","1:12.121","1:22:34.877","Green","Track","5.009","3.464","18.477","19.577","7.004","0.516","17.256","0.818","167.812"
"90","P","Renger Van Der Zande","5","1:11.934","1:22:41.278","Green","Track","5.007","3.386","18.477","19.505","6.941","0.508","17.290","0.820","170.455"
"85","P","Misha Goikhberg","6","1:12.829","1:22:45.145","Green","Track","5.004","3.403","18.672","19.993","6.919","0.509","17.518","0.811","170.120"
"5","P","Christian Fittipaldi","4","1:12.865","1:22:51.428","Green","Track","5.052","3.500","18.806","19.741","7.019","0.519","17.410","0.818","166.842"
"2","P","Brendon Hartley","6","1:18.262","1:22:54.427","Green","Track","4.943","3.330","18.509","21.392","9.260","0.728","19.292","0.808","118.944"
"22","P","Luis Felipe Derani","6","1:16.626","1:23:00.903","Green","Track","4.931","3.282","18.455","19.753","8.920","0.761","19.724","0.800","113.786"
"13","P","Mathias Beche","6","1:11.623","1:23:03.801","Green","Track","4.956","3.397","18.341","19.481","6.904","0.507","17.228","0.809","170.791"
"52","P","Olivier Pla","6","1:12.284","1:23:16.559","Green","Track","4.982","3.317","18.773","19.633","6.940","0.514","17.306","0.819","168.465"
"31","P","Eric Curran","4","1:13.959","1:23:38.574","Green","Track","5.040","3.528","18.922","19.888","6.998","0.514","18.242","0.827","168.465"
"6","P","Helio Castroneves","6","1:11.314","1:23:40.970","Green","Track","4.963","3.511","18.141","19.457","6.846","0.506","17.086","0.804","171.128"
"10","P","Ricky Taylor","7","1:12.122","1:23:46.999","Green","Track","5.016","3.470","18.372","19.656","7.013","0.516","17.261","0.818","167.812"
"90","P","Renger Van Der Zande","6","1:14.079","1:23:55.357","Green","Track","5.007","3.466","19.652","20.010","6.946","0.515","17.666","0.817","168.138"
"85","P","Misha Goikhberg","7","1:12.644","1:23:57.789","Green","Track","4.998","3.412","18.660","19.885","6.906","0.508","17.465","0.810","170.455"
"5","P","Christian Fittipaldi","5","1:12.418","1:24:03.846","Green","Track","5.027","3.448","18.529","19.589","7.013","0.519","17.475","0.818","166.842"
"2","P","Brendon Hartley","7","1:11.529","1:24:05.956","Green","Track","4.944","3.399","18.341","19.452","6.848","0.507","17.233","0.805","170.791"
"22","P","Luis Felipe Derani","7","1:15.438","1:24:16.341","Green","Track","5.053","3.669","20.578","20.216","6.852","0.507","17.760","0.803","170.791"
"13","P","Mathias Beche","7","1:17.100","1:24:20.901","Green","Track","4.959","3.448","18.600","22.635","8.362","0.550","17.736","0.810","157.438"
"52","P","Olivier Pla","7","1:12.106","1:24:28.665","Green","Track","4.981","3.377","18.572","19.597","6.942","0.512","17.307","0.818","169.123"
"31","P","Eric Curran","5","1:13.736","1:24:52.310","Green","Track","5.081","3.525","19.070","19.915","6.995","0.514","17.816","0.820","168.465"
"10","P","Ricky Taylor","8","1:14.181","1:25:01.180","Green","Track","5.000","3.452","18.724","20.889","7.005","0.516","17.781","0.814","167.812"
"90","P","Renger Van Der Zande","7","1:12.549","1:25:07.906","Green","Track","4.999","3.406","18.344","19.496","6.938","0.510","18.023","0.833","169.786"
"85","P","Misha Goikhberg","8","1:12.823","1:25:10.612","Green","Track","4.970","3.415","18.766","19.954","6.915","0.509","17.485","0.809","170.120"
"5","P","Christian Fittipaldi","6","1:12.393","1:25:16.239","Green","Track","5.023","3.463","18.569","19.575","7.018","0.520","17.406","0.819","166.521"
"2","P","Brendon Hartley","8","1:13.348","1:25:19.304","Green","Track","4.934","3.362","18.384","20.027","7.498","0.539","17.799","0.805","160.651"
"22","P","Luis Felipe Derani","8","1:11.590","1:25:27.931","Green","Track","4.937","3.281","18.432","19.556","6.865","0.508","17.207","0.804","170.455"
"6","P","Helio Castroneves","7","1:52.172","1:25:33.142","Green","Pit","5.028","3.801","20.908","24.568","17.203","1.378","29.674","9.612","62.838"
"13","P","Mathias Beche","8","1:22.355","1:25:43.256","Green","Pit","4.974","3.451","18.402","19.460","6.893","0.508","19.231","9.436","170.455"
"52","P","Olivier Pla","8","1:17.588","1:25:46.253","Green","Track","4.953","3.371","18.547","20.565","8.003","0.708","20.623","0.818","122.304"
"31","P","Eric Curran","6","1:13.084","1:26:05.394","Green","Track","5.076","3.551","18.966","19.735","6.987","0.515","17.431","0.823","168.138"
"10","P","Ricky Taylor","9","1:12.954","1:26:14.134","Green","Track","5.010","3.496","18.599","19.702","7.005","0.517","17.808","0.817","167.487"
"2","P","Brendon Hartley","9","1:11.524","1:26:30.828","Green","Track","4.920","3.361","18.429","19.466","6.856","0.507","17.182","0.803","170.791"
"90","P","Renger Van Der Zande","8","1:26.352","1:26:34.258","Green","Track","5.049","3.428","18.588","21.310","11.649","0.914","24.596","0.818","94.738"
"85","P","Misha Goikhberg","9","1:24.752","1:26:35.364","Green","Pit","5.017","3.435","18.878","19.987","6.931","0.509","20.083","9.912","170.120"
"5","P","Christian Fittipaldi","7","1:20.274","1:26:36.513","Green","Track","5.026","3.464","18.734","23.032","9.155","0.673","19.349","0.841","128.664"
"22","P","Luis Felipe Derani","9","1:17.132","1:26:45.063","Green","Track","5.042","3.742","21.421","21.054","6.880","0.508","17.684","0.801","170.455"
"52","P","Olivier Pla","9","1:12.267","1:26:58.520","Green","Track","4.955","3.341","18.601","19.707","6.938","0.512","17.393","0.820","169.123"
"31","P","Eric Curran","7","1:13.051","1:27:18.445","Green","Track","5.095","3.506","18.978","19.770","6.994","0.515","17.375","0.818","168.138"
"10","P","Ricky Taylor","10","1:23.728","1:27:37.862","Green","Pit","5.017","3.458","18.470","19.801","7.006","0.515","20.118","9.343","168.138"
"2","P","Brendon Hartley","10","1:11.698","1:27:42.526","Green","Track","4.929","3.333","18.295","19.617","6.878","0.507","17.330","0.809","170.791"
"5","P","Christian Fittipaldi","8","1:16.944","1:27:53.457","Green","Track","5.115","3.818","21.457","20.706","7.048","0.521","17.459","0.820","166.201"
"90","P","Renger Van Der Zande","9","1:22.953","1:27:57.211","Green","Pit","5.031","3.418","18.495","19.564","6.934","0.517","19.396","9.598","167.487"
"22","P","Luis Felipe Derani","10","1:23.292","1:28:08.355","Green","Pit","4.926","3.306","18.698","20.004","6.866","0.508","19.731","9.253","170.455"
"52","P","Olivier Pla","10","1:12.240","1:28:10.760","Green","Track","4.981","3.362","18.590","19.620","6.942","0.512","17.412","0.821","169.123"
"2","P","Brendon Hartley","11","1:11.544","1:28:54.070","Green","Track","4.937","3.314","18.252","19.601","6.840","0.506","17.288","0.806","171.128"
"31","P","Eric Curran","8","1:36.653","1:28:55.098","Green","Pit","5.557","4.370","23.002","22.936","8.181","0.605","22.460","9.542","143.125"
"5","P","Christian Fittipaldi","9","1:12.677","1:29:06.134","Green","Track","5.036","3.485","18.649","19.673","7.004","0.518","17.491","0.821","167.164"
"52","P","Olivier Pla","11","1:17.383","1:29:28.143","Green","Track","5.105","3.791","21.265","20.466","7.009","0.516","18.412","0.819","167.812"
"2","P","Brendon Hartley","12","1:24.058","1:30:18.128","Finish","Pit","4.942","3.341","20.009","20.397","6.885","0.507","18.819","9.158","170.791"
"5","P","Christian Fittipaldi","10","1:24.437","1:30:30.571","Finish","Pit","5.041","3.512","18.592","19.688","7.013","0.519","20.726","9.346","166.842"
