"Car","Class","Driver","Lap","Lap Time","Session Time","Flag","Location","S01","S02","S03","S04","S05","S06","S07","S08","S09","S10","SP5","SPI"
"4","LMP3","Zacharie Richard Robichon","1","2:15.040","2:15.040","Green","Track","0.000","11.266","27.773","16.459","28.018","28.709","0.573","11.049","1.457","2.752","147.945","118.550"
"7","LMP3","Pato O'Ward","1","2:30.804","2:30.804","Green","Track","0.000","10.280","28.377","16.313","29.502","30.029","0.562","11.385","1.487","2.777","150.841","116.158"
"75","LMP3","Cameron Cassels","1","2:30.836","2:30.836","Green","Track","0.000","12.200","31.983","18.060","31.409","31.034","0.577","12.252","1.521","2.927","146.920","113.562"
"33","LMP3","Lance Willsey","1","2:32.221","2:32.221","Green","Track","0.000","12.667","29.936","18.275","30.508","31.479","0.645","12.668","1.544","2.851","131.431","111.870"
"18","MPC","Wyatt Schwab","1","2:33.501","2:33.501","Green","Track","0.000","10.479","29.141","18.051","31.106","30.782","0.614","12.222","1.561","2.936","138.066","110.652"
"44","LMP3","Gary Gibson","1","2:33.828","2:33.828","Green","Track","0.000","11.505","28.858","16.912","30.462","30.496","0.569","12.263","1.545","2.837","148.985","111.798"
"22","MPC","Stephen Dawes","1","2:34.569","2:34.569","Green","Track","0.000","11.722","30.737","17.376","31.143","31.456","0.615","11.980","1.582","2.960","137.842","109.183"
"42","LMP3","Robby Foley","1","2:41.793","2:41.793","Green","Track","0.000","10.817","27.255","16.094","30.327","31.287","0.812","12.388","1.448","2.750","104.400","119.287"
"30","LMP3","Michael Whelden","1","2:43.245","2:43.245","Green","Track","437.133","11.297","27.914","16.931","30.000","29.441","0.567","11.014","1.453","2.738","149.511","118.876"
"26","LMP3","James McGuire","1","2:45.236","2:45.236","Green","Track","0.000","12.104","31.635","17.691","31.109","31.911","0.585","12.183","1.596","2.920","144.911","108.225"
"25","LMP3","Joel Janco","1","2:45.617","2:45.617","Green","Track","0.000","11.621","29.470","17.289","30.579","32.205","0.583","11.663","1.533","2.855","145.408","112.673"
"55","LMP3","Gerry Kraut","1","2:45.891","2:45.891","Green","Track","0.000","10.795","29.079","17.101","31.420","29.880","0.596","11.829","1.514","2.815","142.236","114.087"
"11","MPC","Robert Masson","1","2:51.969","2:51.969","Green","Track","422.449","11.238","31.028","17.511","30.548","30.910","0.621","11.825","1.616","3.010","136.510","106.886"
"28","MPC","Bart Wolf","1","2:53.424","2:53.424","Green","Track","332.268","10.552","29.038","17.028","28.855","0.000","0.000","11.238","1.562","2.948","0.000","110.581"
"47","LMP3","TJ Fischer","1","2:56.837","2:56.837","Green","Track","201.931","10.326","27.981","16.383","28.040","28.980","0.557","11.141","1.468","2.746","152.195","117.662"
"74","LMP3","Anthony Simone","1","3:00.794","3:00.794","Green","Track","166.211","11.390","26.675","15.691","27.770","28.831","0.548","11.760","1.520","2.788","154.695","113.636"
"77","MPC","Howard Jacobs","1","3:00.998","3:00.998","Green","Track","0.000","12.028","30.943","17.790","31.159","32.703","0.664","13.190","1.642","3.146","127.670","105.193"
"51","LMP3","Rob Hodes","1","3:01.108","3:01.108","Green","Track","228.218","12.356","31.388","16.629","30.550","29.373","0.572","12.519","1.514","2.820","148.204","114.087"
"34","MPC","Jon Brownson","1","3:01.725","3:01.725","Green","Track","214.461","10.391","29.165","16.963","29.889","29.641","0.616","12.178","1.553","2.937","137.618","111.222"
"36","MPC","Paul LaHaye","1","3:05.425","3:05.425","Green","Track","219.681","12.304","30.378","17.472","30.868","30.550","0.621","11.968","1.642","3.043","136.510","105.193"
"24","MPC","Tim George","1","3:12.528","3:12.528","Green","Track","193.618","11.640","30.233","18.131","30.111","31.474","0.626","12.494","1.644","3.068","135.420","105.065"
"17","LMP3","Corey Lewis","1","3:30.378","3:30.378","Green","Track","424.644","10.465","27.420","16.588","27.798","29.128","0.578","11.209","1.487","2.812","146.666","116.158"
"23","LMP3","Henry Gilbert","1","3:34.477","3:34.477","Green","Track","25.635","14.541","30.405","17.615","31.171","31.065","0.589","13.276","1.655","2.962","143.927","104.367"
"19","LMP3","Brad Baker","1","3:39.194","3:39.194","Green","Pit","245.010","12.578","30.199","17.323","35.343","33.676","0.654","16.526","6.150","11.356","129.622","28.086"
"3","LMP3","Benjamin Waddell","1","3:57.473","3:57.473","Green","Pit","0.000","12.475","29.860","17.882","30.695","32.556","0.670","13.484","3.454","83.453","126.526","50.008"
"4","LMP3","Zacharie Richard Robichon","2","2:02.108","4:17.148","Green","Track","5.878","5.745","24.948","15.476","26.836","27.900","0.564","10.564","1.450","2.747","150.306","119.122"
"7","LMP3","Pato O'Ward","2","2:01.847","4:32.651","Green","Track","5.881","5.769","25.083","15.389","26.606","27.651","0.558","10.702","1.461","2.747","151.922","118.225"
"75","LMP3","Cameron Cassels","2","2:08.771","4:39.607","Green","Track","6.802","6.569","26.762","15.869","28.016","28.700","0.564","11.238","1.479","2.772","150.306","116.787"
"33","LMP3","Lance Willsey","2","2:08.419","4:40.640","Green","Track","6.253","6.207","26.780","15.990","27.749","29.409","0.566","11.144","1.510","2.811","149.775","114.389"
"44","LMP3","Gary Gibson","2","2:07.490","4:41.318","Green","Track","5.926","6.315","26.069","15.746","28.297","28.735","0.555","11.486","1.536","2.825","152.744","112.453"
"18","MPC","Wyatt Schwab","2","2:09.796","4:43.297","Green","Track","6.365","6.740","26.729","16.138","28.225","29.351","0.609","11.181","1.543","2.915","139.200","111.942"
"42","LMP3","Robby Foley","2","2:01.727","4:43.520","Green","Track","5.833","5.845","24.799","15.318","26.648","27.743","0.557","10.752","1.468","2.764","152.195","117.662"
"22","MPC","Stephen Dawes","2","2:10.180","4:44.749","Green","Track","6.276","5.972","27.202","16.214","28.371","29.761","0.611","11.265","1.561","2.947","138.744","110.652"
"30","LMP3","Michael Whelden","2","2:03.882","4:47.127","Green","Track","6.033","5.993","25.411","15.693","26.834","28.153","0.554","10.941","1.495","2.775","153.019","115.537"
"25","LMP3","Joel Janco","2","2:06.904","4:52.521","Green","Track","6.283","6.403","26.542","15.778","27.440","28.681","0.570","10.906","1.490","2.811","148.724","115.924"
"26","LMP3","James McGuire","2","2:14.527","4:59.763","Green","Track","6.078","6.641","28.232","16.268","28.821","31.552","0.570","11.895","1.584","2.886","148.724","109.045"
"47","LMP3","TJ Fischer","2","2:03.589","5:00.426","Green","Track","5.844","5.876","24.972","15.535","27.246","28.318","0.546","11.055","1.464","2.733","155.261","117.983"
"11","MPC","Robert Masson","2","2:09.731","5:01.700","Green","Track","6.353","5.815","26.575","16.332","28.160","0.000","0.000","11.878","1.609","2.990","0.000","107.351"
"28","MPC","Bart Wolf","2","2:08.455","5:01.879","Green","Track","6.272","5.971","25.990","16.330","27.877","29.352","0.606","11.507","1.584","2.966","139.889","109.045"
"74","LMP3","Anthony Simone","2","2:01.772","5:02.566","Green","Track","5.875","5.832","25.062","15.165","26.525","27.948","0.543","10.678","1.446","2.698","156.119","119.452"
"55","LMP3","Gerry Kraut","2","2:22.847","5:08.738","Green","Pit","6.555","7.285","27.318","16.025","28.380","29.555","0.566","13.083","4.355","9.725","149.775","39.662"
"51","LMP3","Rob Hodes","2","2:07.779","5:08.887","Green","Track","6.032","6.031","26.579","16.218","27.743","28.824","0.564","11.457","1.518","2.813","150.306","113.786"
"34","MPC","Jon Brownson","2","2:08.267","5:09.992","Green","Track","6.303","6.113","26.145","16.421","28.088","29.042","0.603","11.066","1.543","2.943","140.585","111.942"
"36","MPC","Paul LaHaye","2","2:12.338","5:17.763","Green","Track","6.536","6.220","26.938","16.696","28.718","29.680","0.618","12.231","1.653","3.048","137.173","104.493"
"24","MPC","Tim George","2","2:13.691","5:26.219","Green","Track","6.579","6.589","27.854","16.773","29.230","29.799","0.617","11.558","1.639","3.053","137.395","105.386"
"17","LMP3","Corey Lewis","2","2:02.717","5:33.095","Green","Track","5.948","5.857","25.096","15.458","26.896","27.846","0.567","10.784","1.477","2.788","149.511","116.945"
"77","MPC","Howard Jacobs","2","2:43.060","5:44.058","Green","Pit","7.321","7.264","29.395","17.991","30.597","32.084","0.650","14.471","6.406","16.881","130.420","26.963"
"23","LMP3","Henry Gilbert","2","2:15.979","5:50.456","Green","Track","6.366","7.203","27.610","16.595","29.637","30.454","0.567","13.031","1.605","2.911","149.511","107.618"
"86","MPC","Dave House","1","5:50.945","5:50.945","Green","Track","24.669","12.241","28.510","16.666","28.981","29.430","0.603","12.256","1.625","3.003","140.585","106.294"
"19","LMP3","Brad Baker","2","2:37.744","6:16.938","Green","Track","23.059","12.203","28.953","16.365","30.089","29.377","0.580","12.575","1.607","2.936","146.160","107.484"
"4","LMP3","Zacharie Richard Robichon","3","2:00.203","6:17.351","Green","Track","5.863","5.662","24.455","15.178","26.465","27.510","0.559","10.344","1.441","2.726","151.651","119.866"
"3","LMP3","Benjamin Waddell","2","2:29.516","6:26.989","Green","Track","22.606","11.094","27.615","16.297","27.752","28.527","0.564","10.814","1.472","2.775","150.306","117.342"
"7","LMP3","Pato O'Ward","3","2:01.347","6:33.998","Green","Track","5.816","5.606","25.453","15.251","26.720","27.366","0.555","10.412","1.444","2.724","152.744","119.617"
"75","LMP3","Cameron Cassels","3","2:05.851","6:45.458","Green","Track","6.052","6.166","25.786","15.664","27.869","28.449","0.560","11.068","1.473","2.764","151.380","117.262"
"33","LMP3","Lance Willsey","3","2:05.471","6:46.111","Green","Track","5.948","5.837","25.593","16.104","27.415","28.654","0.557","11.093","1.488","2.782","152.195","116.080"
"44","LMP3","Gary Gibson","3","2:06.105","6:47.423","Green","Track","5.904","5.996","25.666","15.829","27.797","28.836","0.554","11.158","1.538","2.827","153.019","112.306"
"42","LMP3","Robby Foley","3","2:04.067","6:47.587","Green","Track","5.827","5.834","24.773","15.267","27.438","28.819","0.558","11.270","1.497","2.784","151.922","115.382"
"18","MPC","Wyatt Schwab","3","2:07.042","6:50.339","Green","Track","6.239","6.189","25.995","15.832","27.765","28.911","0.608","11.085","1.524","2.894","139.429","113.338"
"30","LMP3","Michael Whelden","3","2:04.478","6:51.605","Green","Track","5.995","6.111","26.062","15.462","27.478","27.651","0.550","10.967","1.462","2.740","154.132","118.145"
"22","MPC","Stephen Dawes","3","2:07.852","6:52.601","Green","Track","6.266","5.672","25.929","16.239","27.889","29.487","0.612","11.275","1.552","2.931","138.518","111.293"
"25","LMP3","Joel Janco","3","2:05.349","6:57.870","Green","Track","6.006","5.883","25.895","15.853","27.463","28.408","0.564","10.986","1.492","2.799","150.306","115.769"
"47","LMP3","TJ Fischer","3","2:05.885","7:06.311","Green","Track","5.925","6.259","28.450","15.681","26.728","27.488","0.543","10.677","1.437","2.697","156.119","120.200"
"74","LMP3","Anthony Simone","3","2:04.442","7:07.008","Green","Track","5.960","6.291","26.430","15.989","26.677","27.867","0.539","10.562","1.438","2.689","157.278","120.116"
"28","MPC","Bart Wolf","3","2:09.962","7:11.841","Green","Track","6.201","6.642","27.467","16.634","27.981","0.000","0.000","10.933","1.541","2.923","0.000","112.088"
"26","LMP3","James McGuire","3","2:13.239","7:13.002","Green","Track","6.116","6.512","28.457","18.104","29.126","28.570","0.564","11.416","1.541","2.833","150.306","112.088"
"51","LMP3","Rob Hodes","3","2:07.298","7:16.185","Green","Track","6.090","5.956","26.220","15.727","28.456","28.659","0.559","11.361","1.491","2.779","151.651","115.847"
"11","MPC","Robert Masson","3","2:15.382","7:17.082","Green","Track","6.280","6.897","29.864","17.732","28.371","29.232","0.609","11.862","1.581","2.954","139.200","109.252"
"34","MPC","Jon Brownson","3","2:11.234","7:21.226","Green","Track","6.272","5.794","25.830","15.772","28.235","32.018","0.951","11.891","1.550","2.921","89.141","111.437"
"36","MPC","Paul LaHaye","3","2:10.147","7:27.910","Green","Track","6.527","6.051","26.422","16.309","28.297","29.380","0.611","11.920","1.627","3.003","138.744","106.163"
"17","LMP3","Corey Lewis","3","2:02.617","7:35.712","Green","Track","5.910","5.630","25.619","15.353","26.566","27.898","0.566","10.803","1.482","2.790","149.775","116.550"
"24","MPC","Tim George","3","2:10.844","7:37.063","Green","Track","6.428","5.915","26.903","16.389","28.870","29.850","0.611","11.329","1.565","2.984","138.744","110.369"
"55","LMP3","Gerry Kraut","3","2:29.688","7:38.426","Green","Track","23.693","11.137","27.678","16.429","27.013","28.291","0.563","10.625","1.482","2.777","150.573","116.550"
"23","LMP3","Henry Gilbert","3","2:13.686","8:04.142","Green","Track","6.403","7.099","27.088","16.410","29.212","29.999","0.564","12.488","1.565","2.858","150.306","110.369"
"86","MPC","Dave House","2","2:13.844","8:04.789","Green","Track","6.386","7.000","27.620","16.655","28.507","30.804","0.607","11.679","1.606","2.980","139.659","107.551"
"4","LMP3","Zacharie Richard Robichon","4","2:00.134","8:17.485","Green","Track","5.817","5.670","24.345","15.137","26.492","27.605","0.562","10.362","1.434","2.710","150.841","120.451"
"3","LMP3","Benjamin Waddell","3","2:01.840","8:28.829","Green","Track","5.860","5.649","24.720","15.306","27.424","27.565","0.563","10.546","1.461","2.746","150.573","118.225"
"19","LMP3","Brad Baker","3","2:13.804","8:30.742","Green","Track","7.194","6.417","27.140","16.434","28.951","30.813","0.696","11.736","1.558","2.865","121.800","110.865"
"7","LMP3","Pato O'Ward","4","1:59.231","8:33.229","Green","Track","5.752","5.503","24.429","15.130","26.326","27.010","0.555","10.396","1.433","2.697","152.744","120.535"
"77","MPC","Howard Jacobs","3","2:52.432","8:36.490","Green","Track","32.478","12.005","29.731","18.011","30.348","31.965","0.668","12.482","1.638","3.106","126.905","105.450"
"75","LMP3","Cameron Cassels","4","2:04.814","8:50.272","Green","Track","6.029","6.064","25.599","15.662","27.228","28.331","0.562","11.118","1.472","2.749","150.841","117.342"
"33","LMP3","Lance Willsey","4","2:05.546","8:51.657","Green","Track","5.886","5.997","25.716","15.890","27.852","28.362","0.563","11.018","1.489","2.773","150.573","116.002"
"42","LMP3","Robby Foley","4","2:08.802","8:56.389","Green","Track","5.910","8.063","27.179","15.776","27.799","28.473","0.564","10.839","1.455","2.744","150.306","118.713"
"30","LMP3","Michael Whelden","4","2:05.726","8:57.331","Green","Track","5.893","6.336","25.606","15.484","28.019","28.502","0.552","11.111","1.481","2.742","153.574","116.629"
"18","MPC","Wyatt Schwab","4","2:07.913","8:58.252","Green","Track","6.222","6.063","25.626","15.938","27.962","29.861","0.610","11.229","1.516","2.886","138.972","113.936"
"22","MPC","Stephen Dawes","4","2:08.358","9:00.959","Green","Track","6.260","5.949","26.294","16.172","27.883","29.426","0.617","11.279","1.543","2.935","137.395","111.942"
"25","LMP3","Joel Janco","4","2:08.090","9:05.960","Green","Track","5.924","5.799","25.538","15.851","27.411","29.950","0.572","12.554","1.593","2.898","148.204","108.429"
"47","LMP3","TJ Fischer","4","2:00.637","9:06.948","Green","Track","5.684","5.768","24.632","15.197","26.430","27.486","0.545","10.773","1.433","2.689","155.546","120.535"
"28","MPC","Bart Wolf","4","2:06.937","9:18.778","Green","Track","6.235","5.874","25.759","15.836","27.852","0.000","0.000","10.972","1.551","2.927","0.000","111.365"
"26","LMP3","James McGuire","4","2:07.449","9:20.451","Green","Track","5.912","6.412","26.605","15.667","28.206","28.638","0.569","11.158","1.498","2.784","148.985","115.305"
"51","LMP3","Rob Hodes","4","2:07.315","9:23.500","Green","Track","6.035","5.977","25.959","15.850","28.995","28.513","0.564","11.208","1.470","2.744","150.306","117.502"
"34","MPC","Jon Brownson","4","2:04.646","9:25.872","Green","Track","6.236","5.631","25.325","15.764","27.463","28.383","0.604","10.827","1.519","2.894","140.352","113.711"
"17","LMP3","Corey Lewis","4","2:01.371","9:37.083","Green","Track","5.921","5.616","24.846","15.153","26.669","27.696","0.567","10.678","1.469","2.756","149.511","117.582"
"36","MPC","Paul LaHaye","4","2:09.283","9:37.193","Green","Track","6.419","5.921","25.959","16.229","28.398","29.420","0.614","11.719","1.617","2.987","138.066","106.820"
"11","MPC","Robert Masson","4","2:22.234","9:39.316","Green","Pit","6.262","5.704","26.065","16.279","28.350","29.194","0.610","12.332","3.775","13.663","138.972","45.756"
"55","LMP3","Gerry Kraut","4","2:04.079","9:42.505","Green","Track","5.950","5.927","25.551","15.499","27.099","28.389","0.569","10.876","1.468","2.751","148.985","117.662"
"24","MPC","Tim George","4","2:09.956","9:47.019","Green","Track","6.312","5.637","26.863","16.926","28.430","29.582","0.617","11.087","1.549","2.953","137.395","111.509"
"4","LMP3","Zacharie Richard Robichon","5","2:00.975","10:18.460","Green","Track","5.785","5.634","24.517","15.190","26.503","28.218","0.568","10.407","1.440","2.713","149.248","119.949"
"86","MPC","Dave House","3","2:22.828","10:27.617","Green","Track","6.682","7.561","36.340","18.246","28.078","29.635","0.614","11.170","1.570","2.932","138.066","110.017"
"3","LMP3","Benjamin Waddell","4","2:00.445","10:29.274","Green","Track","5.807","5.542","24.458","15.164","26.577","27.718","0.563","10.441","1.451","2.724","150.573","119.040"
"23","LMP3","Henry Gilbert","4","2:34.686","10:38.828","Green","Pit","6.743","7.678","28.849","17.018","29.188","30.465","0.586","16.555","5.075","12.529","144.663","34.035"
"19","LMP3","Brad Baker","4","2:13.519","10:44.261","Green","Track","6.026","6.175","26.827","16.727","29.556","30.473","0.575","12.613","1.624","2.923","147.431","106.359"
"75","LMP3","Cameron Cassels","5","2:06.101","10:56.373","Green","Track","5.977","6.094","25.532","15.436","28.169","28.531","0.561","11.547","1.491","2.763","151.110","115.847"
"77","MPC","Howard Jacobs","4","2:20.004","10:56.494","Green","Track","6.992","6.704","28.698","17.036","30.096","32.234","0.678","12.834","1.636","3.096","125.034","105.579"
"33","LMP3","Lance Willsey","5","2:05.129","10:56.786","Green","Track","6.012","5.784","25.758","15.652","27.040","28.605","0.561","11.461","1.485","2.771","151.110","116.315"
"42","LMP3","Robby Foley","5","2:01.621","10:58.010","Green","Track","5.816","5.925","24.853","15.326","26.508","27.815","0.565","10.610","1.455","2.748","150.040","118.713"
"18","MPC","Wyatt Schwab","5","2:07.224","11:05.476","Green","Track","6.159","5.874","25.583","15.833","27.561","29.422","0.636","11.460","1.603","3.093","133.290","107.753"
"22","MPC","Stephen Dawes","5","2:08.141","11:09.100","Green","Track","6.242","5.559","26.293","16.116","27.763","29.720","0.621","11.320","1.558","2.949","136.510","110.865"
"74","LMP3","Anthony Simone","4","4:03.379","11:10.387","Green","Pit","5.689","5.862","24.938","15.041","26.399","28.554","0.544","11.271","3.229","121.852","155.832","53.492"
"47","LMP3","TJ Fischer","5","2:03.820","11:10.768","Green","Track","5.680","5.876","25.093","16.140","27.475","28.035","0.545","10.837","1.441","2.698","155.546","119.866"
"25","LMP3","Joel Janco","5","2:06.129","11:12.089","Green","Track","5.975","5.867","25.694","15.899","27.420","28.551","0.624","11.818","1.497","2.784","135.854","115.382"
"44","LMP3","Gary Gibson","4","4:37.671","11:25.094","Green","Pit","5.917","11.224","28.480","16.315","28.782","29.348","0.562","14.021","3.716","139.306","150.841","46.482"
"28","MPC","Bart Wolf","5","2:06.752","11:25.530","Green","Track","6.276","5.923","25.746","15.903","27.985","28.937","0.611","10.922","1.537","2.912","138.744","112.379"
"26","LMP3","James McGuire","5","2:05.838","11:26.289","Green","Track","5.869","6.375","25.880","15.948","27.591","28.450","0.569","10.858","1.499","2.799","148.985","115.228"
"51","LMP3","Rob Hodes","5","2:06.575","11:30.075","Green","Track","5.874","5.937","26.023","16.157","28.176","28.442","0.566","11.162","1.480","2.758","149.775","116.708"
"34","MPC","Jon Brownson","5","2:04.875","11:30.747","Green","Track","6.144","5.562","25.203","15.580","27.735","28.795","0.606","10.865","1.513","2.872","139.889","114.162"
"17","LMP3","Corey Lewis","5","2:01.034","11:38.117","Green","Track","5.845","5.622","24.584","15.316","26.453","27.722","0.569","10.708","1.464","2.751","148.985","117.983"
"55","LMP3","Gerry Kraut","5","2:03.821","11:46.326","Green","Track","5.873","5.919","25.369","15.535","27.044","28.411","0.569","10.890","1.463","2.748","148.985","118.064"
"36","MPC","Paul LaHaye","5","2:11.054","11:48.247","Green","Track","6.483","6.185","26.223","16.201","28.549","30.413","0.613","11.784","1.613","2.990","138.292","107.084"
"24","MPC","Tim George","5","2:09.942","11:56.961","Green","Track","6.275","5.807","26.761","16.253","28.472","29.909","0.621","11.262","1.584","2.998","136.510","109.045"
"4","LMP3","Zacharie Richard Robichon","6","2:00.690","12:19.150","Green","Track","5.741","5.495","24.414","14.975","26.390","27.791","0.563","11.125","1.457","2.739","150.573","118.550"
"3","LMP3","Benjamin Waddell","5","2:00.246","12:29.520","Green","Track","5.710","5.671","24.814","15.143","26.227","27.458","0.564","10.454","1.461","2.744","150.306","118.225"
"86","MPC","Dave House","4","2:08.455","12:36.072","Green","Track","6.171","5.888","26.208","15.947","28.126","29.652","0.614","11.330","1.576","2.943","138.066","109.599"
"30","LMP3","Michael Whelden","5","3:52.667","12:49.998","Green","Pit","5.867","5.952","25.126","15.258","26.956","28.152","0.559","11.606","3.782","109.409","151.651","45.671"
"19","LMP3","Brad Baker","5","2:11.833","12:56.094","Green","Track","6.213","6.337","27.066","16.246","28.949","29.315","0.576","12.590","1.617","2.924","147.175","106.820"
"42","LMP3","Robby Foley","6","2:03.621","13:01.631","Green","Track","5.836","6.061","25.122","15.721","27.069","28.216","0.563","10.836","1.455","2.742","150.573","118.713"
"75","LMP3","Cameron Cassels","6","2:06.926","13:03.299","Green","Track","5.929","6.177","25.737","15.544","27.453","29.024","0.670","12.145","1.486","2.761","126.526","116.236"
"33","LMP3","Lance Willsey","6","2:06.809","13:03.595","Green","Track","5.898","6.093","25.912","15.948","27.810","28.390","0.597","11.887","1.498","2.776","141.998","115.305"
"77","MPC","Howard Jacobs","5","2:19.317","13:15.811","Green","Track","7.459","6.980","27.840","17.193","29.700","31.772","0.644","12.896","1.674","3.159","131.635","103.182"
"25","LMP3","Joel Janco","6","2:06.566","13:18.655","Green","Track","5.821","5.886","25.638","15.711","27.487","30.019","0.565","11.165","1.492","2.782","150.040","115.769"
"22","MPC","Stephen Dawes","6","2:10.308","13:19.408","Green","Track","6.232","5.589","26.079","16.905","28.464","30.530","0.615","11.382","1.565","2.947","137.842","110.369"
"26","LMP3","James McGuire","6","2:06.196","13:32.485","Green","Track","5.878","6.132","25.715","15.510","28.562","28.513","0.567","10.973","1.520","2.826","149.511","113.636"
"74","LMP3","Anthony Simone","5","2:26.523","13:36.910","Green","Track","22.713","10.856","26.888","15.491","26.815","27.870","0.543","11.130","1.479","2.738","156.119","116.787"
"51","LMP3","Rob Hodes","6","2:07.488","13:37.563","Green","Track","5.786","6.354","26.382","15.628","27.449","29.229","0.562","11.854","1.477","2.767","150.841","116.945"
"34","MPC","Jon Brownson","6","2:07.528","13:38.275","Green","Track","6.096","5.647","27.229","15.736","27.948","28.945","0.604","10.888","1.524","2.911","140.352","113.338"
"55","LMP3","Gerry Kraut","6","2:03.655","13:49.981","Green","Track","5.874","5.901","25.469","15.603","26.894","28.267","0.565","10.853","1.472","2.757","150.040","117.342"
"17","LMP3","Corey Lewis","6","2:12.133","13:50.250","Green","Pit","5.802","5.602","24.680","15.199","26.719","27.943","0.562","11.861","4.006","9.759","150.841","43.117"
"36","MPC","Paul LaHaye","6","2:15.356","14:03.603","Green","Track","6.392","6.657","28.555","16.439","28.356","31.763","0.613","11.922","1.635","3.024","138.292","105.644"
"24","MPC","Tim George","6","2:09.758","14:06.719","Green","Track","6.295","5.655","26.740","16.314","28.355","30.135","0.617","11.068","1.583","2.996","137.395","109.114"
"4","LMP3","Zacharie Richard Robichon","7","2:00.641","14:19.791","Green","Track","5.784","5.609","24.478","15.145","26.622","27.921","0.562","10.352","1.444","2.724","150.841","119.617"
"44","LMP3","Gary Gibson","5","3:00.601","14:25.695","Green","Track","23.156","11.662","28.840","16.179","28.075","54.770","0.638","12.882","1.552","2.847","132.873","111.293"
"3","LMP3","Benjamin Waddell","6","2:00.430","14:29.950","Green","Track","5.759","5.575","24.560","15.199","26.488","27.508","0.559","10.575","1.460","2.747","151.651","118.306"
"11","MPC","Robert Masson","5","4:58.185","14:37.501","Green","Pit","30.923","11.796","27.092","16.272","27.644","29.117","0.633","14.020","3.799","136.889","133.922","45.467"
"86","MPC","Dave House","5","2:07.690","14:43.762","Green","Track","6.197","5.776","26.092","15.708","27.964","29.434","0.609","11.379","1.578","2.953","139.200","109.460"
"19","LMP3","Brad Baker","6","2:11.625","15:07.719","Green","Track","6.161","6.239","26.393","16.033","29.358","30.294","0.571","12.074","1.591","2.911","148.464","108.565"
"33","LMP3","Lance Willsey","7","2:04.859","15:08.454","Green","Track","5.905","6.017","26.158","15.534","27.199","28.374","0.562","10.848","1.486","2.776","150.841","116.236"
"75","LMP3","Cameron Cassels","7","2:08.111","15:11.410","Green","Track","5.852","6.257","27.567","15.839","27.674","28.736","0.559","11.391","1.476","2.760","151.651","117.024"
"42","LMP3","Robby Foley","7","2:12.013","15:13.644","Green","Pit","5.804","5.875","24.755","15.149","26.744","27.750","0.562","11.050","3.755","10.569","150.841","45.999"
"7","LMP3","Pato O'Ward","5","6:43.220","15:16.449","Green","Pit","5.719","5.470","25.403","15.186","38.952","27.899","0.560","11.932","4.556","267.543","151.380","37.912"
"30","LMP3","Michael Whelden","6","2:29.154","15:19.152","Green","Track","22.845","10.934","27.035","16.222","28.057","28.082","0.554","11.199","1.475","2.751","153.019","117.103"
"25","LMP3","Joel Janco","7","2:14.498","15:33.153","Green","Pit","5.830","6.019","26.738","15.589","27.231","28.467","0.565","11.713","2.865","9.481","150.040","60.289"
"74","LMP3","Anthony Simone","6","2:02.009","15:38.919","Green","Track","5.747","5.858","24.850","15.027","27.035","28.130","0.539","10.685","1.443","2.695","157.278","119.700"
"26","LMP3","James McGuire","7","2:07.622","15:40.107","Green","Track","5.925","6.210","26.413","16.147","27.637","28.603","0.568","11.759","1.528","2.832","149.248","113.041"
"34","MPC","Jon Brownson","7","2:04.447","15:42.722","Green","Track","6.163","5.727","25.310","15.823","27.367","28.522","0.603","10.515","1.531","2.886","140.585","112.820"
"55","LMP3","Gerry Kraut","7","2:04.008","15:53.989","Green","Track","5.919","5.888","25.483","15.664","27.041","28.212","0.562","10.986","1.483","2.770","150.841","116.472"
"47","LMP3","TJ Fischer","6","4:49.446","16:00.214","Green","Pit","5.668","5.756","24.608","15.428","27.925","27.960","0.567","13.915","4.250","163.369","149.511","40.642"
"36","MPC","Paul LaHaye","7","2:10.755","16:14.358","Green","Track","6.478","6.046","26.385","16.355","28.720","29.851","0.613","11.651","1.639","3.017","138.292","105.386"
"24","MPC","Tim George","7","2:11.255","16:17.974","Green","Track","6.320","6.017","27.132","16.139","29.288","29.915","0.613","11.292","1.567","2.972","138.292","110.228"
"4","LMP3","Zacharie Richard Robichon","8","1:59.896","16:19.687","Green","Track","5.759","5.536","24.486","15.130","26.393","27.539","0.560","10.331","1.442","2.720","151.380","119.783"
"3","LMP3","Benjamin Waddell","7","2:01.689","16:31.639","Green","Track","5.769","5.534","24.455","15.207","27.472","28.082","0.558","10.414","1.458","2.740","151.922","118.469"
"44","LMP3","Gary Gibson","6","2:09.597","16:35.292","Green","Track","5.890","6.658","26.421","15.730","27.817","30.341","0.558","11.751","1.568","2.863","151.922","110.158"
"86","MPC","Dave House","6","2:08.079","16:51.841","Green","Track","6.262","5.902","26.128","16.195","27.950","29.251","0.608","11.291","1.563","2.929","139.429","110.510"
"33","LMP3","Lance Willsey","8","2:04.241","17:12.695","Green","Track","5.998","5.810","25.239","15.484","27.712","28.189","0.562","10.992","1.479","2.776","150.841","116.787"
"11","MPC","Robert Masson","6","2:38.413","17:15.914","Green","Track","25.127","10.366","28.840","17.271","29.909","30.294","0.615","11.478","1.569","2.944","137.842","110.087"
"75","LMP3","Cameron Cassels","8","2:06.312","17:17.722","Green","Track","5.886","6.308","25.756","15.773","27.763","28.687","0.560","11.354","1.477","2.748","151.380","116.945"
"22","MPC","Stephen Dawes","7","4:01.959","17:21.367","Green","Pit","6.200","5.650","26.963","16.511","28.227","29.558","0.616","14.056","4.546","109.632","137.618","37.995"
"30","LMP3","Michael Whelden","7","2:03.387","17:22.539","Green","Track","6.028","6.032","25.457","15.525","27.208","27.693","0.554","10.722","1.452","2.716","153.019","118.958"
"77","MPC","Howard Jacobs","6","4:10.498","17:26.309","Green","Pit","7.180","6.952","27.916","17.437","29.045","31.040","0.627","13.269","6.037","110.995","135.204","28.611"
"19","LMP3","Brad Baker","7","2:27.856","17:35.575","Green","Pit","7.045","6.422","26.470","15.796","28.433","30.223","0.715","15.892","5.254","11.606","118.563","32.875"
"7","LMP3","Pato O'Ward","6","2:28.323","17:44.772","Green","Track","22.918","12.317","26.432","15.639","27.548","27.940","0.560","10.743","1.474","2.752","151.380","117.183"
"26","LMP3","James McGuire","8","2:06.791","17:46.898","Green","Track","5.887","6.446","26.729","15.870","27.801","28.291","0.565","10.884","1.508","2.810","150.040","114.541"
"34","MPC","Jon Brownson","8","2:05.516","17:48.238","Green","Track","6.141","5.356","25.699","15.779","28.028","28.768","0.610","10.727","1.516","2.892","138.972","113.936"
"55","LMP3","Gerry Kraut","8","2:03.743","17:57.732","Green","Track","5.990","5.940","25.534","15.460","26.907","28.174","0.566","10.956","1.466","2.750","149.775","117.822"
"4","LMP3","Zacharie Richard Robichon","9","2:04.354","18:24.041","Green","Track","5.736","5.870","27.679","15.256","26.554","27.539","0.563","10.984","1.446","2.727","150.573","119.452"
"36","MPC","Paul LaHaye","8","2:11.164","18:25.522","Green","Track","6.534","6.119","26.463","16.251","28.506","29.737","0.617","12.357","1.607","2.973","137.395","107.484"
"47","LMP3","TJ Fischer","7","2:27.457","18:27.671","Green","Track","22.793","10.177","27.594","16.386","27.130","27.826","0.548","10.859","1.441","2.703","154.695","119.866"
"3","LMP3","Benjamin Waddell","8","2:02.298","18:33.937","Green","Track","5.769","5.535","24.465","15.254","27.331","28.557","0.562","10.607","1.468","2.750","150.841","117.662"
"17","LMP3","Matt Dicken","7","4:45.490","18:35.740","Green","Track","147.972","12.311","30.335","17.476","30.140","30.201","0.587","12.125","1.521","2.822","144.417","113.562"
"24","MPC","Tim George","8","2:21.291","18:39.265","Green","Track","6.423","6.600","30.486","17.698","31.449","31.446","0.613","11.989","1.585","3.002","138.292","108.976"
"44","LMP3","Gary Gibson","7","2:09.833","18:45.125","Green","Track","5.941","6.210","25.985","15.498","30.633","29.291","0.565","11.399","1.513","2.798","150.040","114.162"
"51","LMP3","Rob Hodes","7","5:21.198","18:58.761","Green","Pit","5.787","6.663","27.474","15.778","28.245","28.462","0.561","13.243","4.069","190.916","151.110","42.450"
"86","MPC","Dave House","7","2:08.395","19:00.236","Green","Track","6.203","5.850","25.903","16.063","27.939","29.880","0.618","11.461","1.554","2.924","137.173","111.150"
"74","LMP3","Anthony Simone","7","3:23.517","19:02.436","Green","Pit","5.681","5.824","25.043","14.998","26.374","27.369","0.540","11.386","3.095","83.207","156.987","55.808"
"33","LMP3","Lance Willsey","9","2:03.539","19:16.234","Green","Track","5.915","5.798","25.439","15.628","26.733","28.169","0.567","11.024","1.487","2.779","149.511","116.158"
"11","MPC","Robert Masson","7","2:06.822","19:22.736","Green","Track","6.280","5.765","26.004","16.136","27.593","29.073","0.616","10.903","1.537","2.915","137.618","112.379"
"75","LMP3","Cameron Cassels","9","2:05.880","19:23.602","Green","Track","5.963","6.286","25.650","15.779","27.740","28.324","0.572","11.339","1.476","2.751","148.204","117.024"
"30","LMP3","Michael Whelden","8","2:01.307","19:23.846","Green","Track","5.837","5.784","25.047","15.267","26.540","27.368","0.549","10.772","1.444","2.699","154.413","119.617"
"25","LMP3","Kenton Koch","8","4:01.902","19:35.055","Green","Track","120.803","9.524","25.834","15.536","26.865","27.713","0.567","10.849","1.458","2.753","149.511","118.469"
"7","LMP3","Pato O'Ward","7","2:02.338","19:47.110","Green","Track","5.791","5.746","25.020","15.567","27.006","27.787","0.559","10.640","1.473","2.749","151.651","117.262"
"26","LMP3","James McGuire","9","2:05.978","19:52.876","Green","Track","5.886","6.073","26.404","15.797","27.747","28.458","0.570","10.756","1.497","2.790","148.724","115.382"
"55","LMP3","Gerry Kraut","9","2:04.925","20:02.657","Green","Track","5.952","6.091","25.651","15.711","27.063","28.387","0.564","11.286","1.469","2.751","150.306","117.582"
"22","MPC","Stephen Dawes","8","2:42.612","20:03.979","Green","Track","30.699","11.646","27.894","16.130","28.911","30.674","0.615","11.491","1.581","2.971","137.842","109.252"
"34","MPC","Jon Brownson","9","2:18.317","20:06.555","Green","Pit","6.162","5.503","25.985","16.008","27.709","28.976","0.610","12.228","4.497","10.639","138.972","38.409"
"77","MPC","Howard Jacobs","7","2:46.369","20:12.678","Green","Track","32.487","11.691","28.305","17.060","28.897","30.656","0.633","12.050","1.582","3.008","133.922","109.183"
"4","LMP3","Zacharie Richard Robichon","10","1:59.866","20:23.907","Green","Track","5.760","5.584","24.383","15.062","26.426","27.698","0.563","10.261","1.428","2.701","150.573","120.957"
"47","LMP3","TJ Fischer","8","2:01.627","20:29.298","Green","Track","5.700","5.723","25.042","15.447","26.767","27.645","0.547","10.625","1.437","2.694","154.978","120.200"
"36","MPC","Paul LaHaye","9","2:10.710","20:36.232","Green","Track","6.387","6.203","26.635","16.372","28.629","29.530","0.613","11.769","1.594","2.978","138.292","108.361"
"28","MPC","Bart Wolf","6","9:13.370","20:38.900","Green","Pit","6.182","5.863","25.874","15.966","29.583","29.934","0.687","14.770","4.439","420.072","123.396","38.911"
"17","LMP3","Matt Dicken","8","2:07.746","20:43.486","Green","Track","5.952","6.261","26.307","15.907","27.788","28.768","0.572","11.867","1.513","2.811","148.204","114.162"
"24","MPC","Tim George","9","2:08.699","20:47.964","Green","Track","6.300","5.797","26.657","16.282","28.343","29.155","0.617","11.000","1.577","2.971","137.395","109.529"
"44","LMP3","Gary Gibson","8","2:07.269","20:52.394","Green","Track","5.898","6.303","26.206","15.667","27.793","29.378","0.563","11.154","1.513","2.794","150.573","114.162"
"42","LMP3","Jim Garrett","8","5:47.365","21:01.009","Green","Track","210.007","13.063","29.670","17.151","30.355","29.834","0.573","12.357","1.527","2.828","147.945","113.115"
"86","MPC","Dave House","8","2:07.563","21:07.799","Green","Track","6.175","5.707","25.681","16.145","28.184","29.296","0.611","11.256","1.566","2.942","138.744","110.298"
"33","LMP3","Lance Willsey","10","2:03.161","21:19.395","Green","Track","5.827","5.853","25.283","15.454","26.948","27.938","0.562","11.040","1.481","2.775","150.841","116.629"
"74","LMP3","Anthony Simone","8","2:24.226","21:26.662","Green","Track","22.650","10.714","25.902","15.152","26.693","27.819","0.544","10.639","1.431","2.682","155.832","120.704"
"11","MPC","Robert Masson","8","2:05.892","21:28.628","Green","Track","6.192","5.757","25.551","15.973","27.492","29.151","0.612","10.743","1.530","2.891","138.518","112.894"
"75","LMP3","Cameron Cassels","10","2:11.137","21:34.739","Green","Track","5.984","6.653","26.463","15.759","30.872","29.351","0.561","11.302","1.459","2.733","151.110","118.387"
"25","LMP3","Kenton Koch","9","2:01.567","21:36.622","Green","Track","5.792","5.581","24.552","15.694","26.866","27.705","0.566","10.629","1.449","2.733","149.775","119.204"
"23","LMP3","Henry Gilbert","5","11:07.211","21:46.039","Green","Pit","336.891","13.669","30.443","18.279","31.713","30.933","0.605","16.320","4.838","183.520","140.120","35.702"
"7","LMP3","Pato O'Ward","8","2:02.187","21:49.297","Green","Track","5.733","5.785","24.857","15.415","26.962","27.929","0.560","10.744","1.465","2.737","151.380","117.903"
"30","LMP3","Michael Whelden","9","2:29.626","21:53.472","Green","Track","5.930","6.705","26.248","15.238","51.838","28.324","0.555","10.645","1.443","2.700","152.744","119.700"
"51","LMP3","Rob Hodes","8","2:56.089","21:54.850","Green","Pit","22.829","13.835","33.368","18.299","30.566","30.083","0.575","13.331","3.498","9.705","147.431","49.379"
"26","LMP3","James McGuire","10","2:05.251","21:58.127","Green","Track","5.859","6.173","25.659","15.793","27.791","28.421","0.566","10.723","1.485","2.781","149.775","116.315"
"55","LMP3","Gerry Kraut","10","2:03.339","22:05.996","Green","Track","5.957","6.036","25.479","15.585","26.801","28.083","0.567","10.611","0.000","2.751","149.511","0.000"
"22","MPC","Stephen Dawes","9","2:07.047","22:11.026","Green","Track","6.315","5.747","26.124","15.800","27.476","29.536","0.619","10.985","1.533","2.912","136.951","112.673"
"4","LMP3","Zacharie Richard Robichon","11","1:59.663","22:23.570","Green","Track","5.728","5.632","24.252","14.960","26.322","27.724","0.558","10.355","1.428","2.704","151.922","120.957"
"77","MPC","Howard Jacobs","8","2:13.297","22:25.975","Green","Track","6.559","6.283","26.967","16.590","28.848","30.477","0.643","12.352","1.581","2.997","131.839","109.252"
"47","LMP3","TJ Fischer","9","2:00.237","22:29.535","Green","Track","5.657","5.601","24.503","15.176","26.500","27.491","0.544","10.638","1.435","2.692","155.832","120.367"
"36","MPC","Paul LaHaye","10","2:09.649","22:45.881","Green","Track","6.460","6.225","26.324","16.286","28.319","29.486","0.613","11.406","0.000","2.956","138.292","0.000"
"3","LMP3","Benjamin Waddell","9","4:12.515","22:46.452","Green","Pit","5.772","5.589","24.532","15.361","26.409","28.119","0.652","12.253","3.300","130.528","130.020","52.342"
"17","LMP3","Matt Dicken","9","2:06.735","22:50.221","Green","Track","5.970","6.079","25.954","15.730","27.781","28.788","0.570","11.553","0.000","2.806","148.724","0.000"
"24","MPC","Tim George","10","2:08.445","22:56.409","Green","Track","6.229","5.657","26.553","15.979","28.330","29.518","0.621","11.062","1.549","2.947","136.510","111.509"
"42","LMP3","Jim Garrett","9","2:11.397","23:12.406","Green","Track","6.069","6.187","26.979","16.794","29.000","29.581","0.573","11.871","0.000","2.820","147.945","0.000"
"86","MPC","Dave House","9","2:07.781","23:15.580","Green","Track","6.181","5.893","26.033","15.781","28.278","29.382","0.614","11.168","1.543","2.908","138.066","111.942"
"28","MPC","Bart Wolf","7","2:40.812","23:19.712","Green","Track","23.653","11.330","29.545","17.597","30.858","30.975","0.624","11.647","1.597","2.986","135.854","108.157"
"33","LMP3","Lance Willsey","11","2:03.345","23:22.740","Green","Track","5.821","5.776","25.255","15.552","27.090","28.165","0.562","10.888","0.000","2.761","150.841","0.000"
"11","MPC","Robert Masson","9","2:05.452","23:34.080","Green","Track","6.123","5.463","25.284","16.059","27.913","28.780","0.613","10.760","0.000","2.929","138.292","0.000"
"75","LMP3","Cameron Cassels","11","2:06.903","23:41.642","Green","Track","5.922","6.285","25.645","15.596","28.154","29.191","0.562","11.338","0.000","2.748","150.841","0.000"
"25","LMP3","Kenton Koch","10","2:11.523","23:48.145","Green","Pit","5.745","5.543","25.188","15.405","27.582","27.587","0.565","10.790","3.469","9.649","150.040","49.792"
"19","LMP3","Jan Heylen","8","6:17.437","23:53.012","Green","Track","253.475","10.849","26.190","15.501","27.465","28.352","0.564","10.841","1.454","2.746","150.306","118.795"
"7","LMP3","Pato O'Ward","9","2:04.422","23:53.719","Green","Track","5.785","5.834","25.424","15.622","27.547","28.226","0.569","11.185","1.477","2.753","148.985","116.945"
"30","LMP3","Michael Whelden","10","2:01.633","23:55.105","Green","Track","5.819","5.885","24.944","15.393","26.656","27.485","0.551","10.748","1.443","2.709","153.852","119.700"
"26","LMP3","James McGuire","11","2:05.935","24:04.062","Green","Track","5.813","6.221","26.073","15.685","27.670","28.837","0.566","10.766","1.501","2.803","149.775","115.075"
"55","LMP3","Gerry Kraut","11","2:03.490","24:09.486","Green","Track","6.036","5.989","25.640","15.586","26.743","28.132","0.563","10.569","1.472","2.760","150.573","117.342"
"23","LMP3","Mike Skeen","6","2:26.939","24:12.978","Green","Track","22.687","10.737","26.565","15.638","27.441","28.134","0.561","10.959","1.464","2.753","151.110","117.983"
"22","MPC","Stephen Dawes","10","2:08.039","24:19.065","Green","Track","6.282","5.649","26.143","16.285","27.735","29.455","0.616","11.360","1.551","2.963","137.618","111.365"
"18","MPC","Wyatt Schwab","6","13:13.663","24:19.139","Green","Pit","6.839","6.285","26.664","16.763","30.165","35.927","0.836","14.383","3.686","652.115","101.403","46.860"
"51","LMP3","Rob Hodes","9","2:28.097","24:22.947","Green","Track","21.565","11.158","26.837","16.272","27.605","28.453","0.566","11.370","1.489","2.782","149.775","116.002"
"4","LMP3","Zacharie Richard Robichon","12","2:00.265","24:23.835","Green","Track","5.723","5.572","24.447","15.463","26.500","27.642","0.560","10.218","1.432","2.708","151.380","120.620"
"47","LMP3","TJ Fischer","10","1:59.698","24:29.233","Green","Track","5.640","5.612","24.469","15.091","26.393","27.437","0.543","10.413","1.422","2.678","156.119","121.468"
"74","LMP3","Anthony Simone","9","3:05.323","24:31.985","Green","Pit","5.637","5.725","24.736","15.021","30.874","27.715","0.548","12.425","3.156","59.486","154.695","54.730"
"77","MPC","Howard Jacobs","9","2:12.310","24:38.285","Green","Track","6.672","6.464","26.747","16.484","28.379","30.273","0.630","12.055","1.593","3.013","134.560","108.429"
"44","LMP3","Gary Gibson","9","4:02.095","24:54.489","Green","Pit","5.851","6.890","27.036","15.793","27.806","29.472","0.564","13.232","3.785","111.666","150.306","45.635"
"36","MPC","Paul LaHaye","11","2:10.352","24:56.233","Green","Track","6.417","6.171","26.433","16.199","28.579","29.541","0.613","11.763","1.623","3.013","138.292","106.425"
"17","LMP3","Matt Dicken","10","2:06.660","24:56.881","Green","Track","5.982","6.209","25.829","15.651","27.754","28.714","0.565","11.652","1.504","2.800","150.040","114.845"
"24","MPC","Tim George","11","2:09.719","25:06.128","Green","Track","6.314","5.981","26.699","16.403","28.543","29.327","0.615","11.223","1.601","3.013","137.842","107.887"
"3","LMP3","Benjamin Waddell","10","2:24.083","25:10.535","Green","Track","22.481","10.031","25.748","15.604","26.737","28.162","0.560","10.542","1.466","2.752","151.380","117.822"
"34","MPC","Jon Brownson","10","5:04.972","25:11.527","Green","Track","178.184","10.599","27.014","16.091","27.916","29.245","0.610","10.882","0.000","2.901","138.972","0.000"
"42","LMP3","Jim Garrett","10","2:10.409","25:22.815","Green","Track","5.987","6.500","26.693","16.033","28.791","29.550","0.566","11.939","1.521","2.829","149.775","113.562"
"86","MPC","Dave House","10","2:07.836","25:23.416","Green","Track","6.198","5.811","26.001","15.829","27.894","29.283","0.606","11.646","1.593","2.975","139.889","108.429"
"33","LMP3","Lance Willsey","12","2:03.476","25:26.216","Green","Track","5.840","5.797","25.258","15.558","26.912","28.381","0.559","10.898","1.490","2.783","151.651","115.924"
"28","MPC","Bart Wolf","8","2:07.509","25:27.221","Green","Track","6.325","6.012","26.090","16.028","27.499","0.000","0.000","11.105","1.543","2.945","0.000","111.942"
"11","MPC","Robert Masson","10","2:04.364","25:38.444","Green","Track","6.229","5.401","25.148","15.895","27.245","28.863","0.609","10.561","0.000","2.894","139.200","0.000"
"75","LMP3","Cameron Cassels","12","2:05.022","25:46.664","Green","Track","5.869","6.214","25.749","15.638","27.589","28.202","0.557","11.002","1.463","2.739","152.195","118.064"
"30","LMP3","Michael Whelden","11","2:00.919","25:56.024","Green","Track","5.776","5.752","24.986","15.086","26.825","27.246","0.549","10.551","1.442","2.706","154.413","119.783"
"19","LMP3","Jan Heylen","9","2:10.912","26:03.924","Green","Pit","5.776","5.604","24.685","15.550","26.681","27.794","0.562","10.825","3.735","9.700","150.841","46.246"
"7","LMP3","Pato O'Ward","10","2:12.767","26:06.486","Green","Track","5.778","5.816","24.898","15.347","33.639","31.328","0.559","11.103","1.513","2.786","151.651","114.162"
"26","LMP3","James McGuire","12","2:06.199","26:10.261","Green","Track","5.895","6.324","26.309","15.618","28.088","28.498","0.564","10.632","1.488","2.783","150.306","116.080"
"55","LMP3","Gerry Kraut","12","2:03.815","26:13.301","Green","Track","6.056","6.024","25.552","15.640","26.915","28.097","0.563","10.724","1.479","2.765","150.573","116.787"
"23","LMP3","Mike Skeen","7","2:02.526","26:15.504","Green","Track","5.859","5.874","25.211","15.595","26.807","27.772","0.558","10.644","1.463","2.743","151.922","118.064"
"4","LMP3","Zacharie Richard Robichon","13","2:01.325","26:25.160","Green","Track","5.744","5.620","25.480","15.081","26.504","27.589","0.553","10.610","0.000","2.711","153.296","0.000"
"22","MPC","Stephen Dawes","11","2:06.286","26:25.351","Green","Track","6.298","5.632","25.524","15.898","27.598","29.371","0.614","10.896","1.537","2.918","138.066","112.379"
"51","LMP3","Rob Hodes","10","2:06.425","26:29.372","Green","Track","5.903","5.951","25.909","16.194","27.613","28.907","0.563","11.131","1.484","2.770","150.573","116.393"
"47","LMP3","TJ Fischer","11","2:00.275","26:29.508","Green","Track","5.656","5.546","24.490","15.042","26.416","27.459","0.539","10.966","0.000","2.705","157.278","0.000"
"77","MPC","Howard Jacobs","10","2:12.622","26:50.907","Green","Track","6.502","6.461","27.110","16.431","28.647","30.234","0.621","12.043","1.576","2.997","136.510","109.599"
"18","MPC","Wyatt Schwab","7","2:37.499","26:56.638","Green","Track","28.536","11.846","27.059","16.255","27.794","29.426","0.616","11.504","0.000","2.928","137.618","0.000"
"74","LMP3","Anthony Simone","10","2:24.611","26:56.596","Green","Track","22.645","11.016","26.008","15.184","26.630","27.628","0.538","10.828","1.437","2.697","157.570","120.200"
"17","LMP3","Matt Dicken","11","2:10.238","27:07.119","Green","Track","6.240","7.027","26.306","15.844","28.899","29.311","0.569","11.715","1.510","2.817","148.985","114.389"
"36","MPC","Paul LaHaye","12","2:12.649","27:08.882","Green","Track","6.719","7.794","27.098","16.273","28.567","29.346","0.611","11.638","1.609","2.994","138.744","107.351"
"3","LMP3","Benjamin Waddell","11","2:01.630","27:12.165","Green","Track","5.789","5.492","24.436","15.336","27.819","27.517","0.560","10.477","1.457","2.747","151.380","118.550"
"34","MPC","Jon Brownson","11","2:05.939","27:17.466","Green","Track","6.208","5.571","25.256","16.155","27.582","29.614","0.615","10.526","1.524","2.888","137.842","113.338"
"24","MPC","Tim George","12","2:12.828","27:18.956","Green","Track","6.334","5.677","26.562","16.373","30.498","30.400","0.642","11.762","1.592","2.988","132.045","108.497"
"44","LMP3","Josh Hurley","10","2:26.195","27:20.684","Green","Track","22.536","10.148","26.262","15.711","27.542","28.303","0.557","10.937","1.458","2.741","152.195","118.469"
"42","LMP3","Jim Garrett","11","2:10.478","27:33.293","Green","Track","6.042","6.456","27.720","15.809","28.590","29.350","0.565","11.642","1.499","2.805","150.040","115.228"
"33","LMP3","Lance Willsey","13","2:11.645","27:37.861","Green","Track","5.874","5.787","30.103","15.779","28.644","29.394","0.564","11.236","1.488","2.776","150.306","116.080"
"28","MPC","Bart Wolf","9","2:11.948","27:39.169","Green","Track","6.291","5.886","30.380","16.405","27.986","0.000","0.000","10.760","1.540","2.924","0.000","112.161"
"25","LMP3","Kenton Koch","11","3:52.856","27:41.001","Green","Track","112.674","9.260","25.696","15.220","27.041","27.698","0.563","10.520","1.448","2.736","150.573","119.287"
"86","MPC","Dave House","11","2:20.375","27:43.791","Green","Track","6.271","6.007","38.042","16.312","28.386","29.225","0.606","11.034","1.560","2.932","139.889","110.723"
"75","LMP3","Cameron Cassels","13","2:04.293","27:50.957","Green","Track","5.901","6.233","25.562","15.313","27.270","28.260","0.557","10.987","1.465","2.745","152.195","117.903"
"11","MPC","Robert Masson","11","2:15.873","27:54.317","Green","Track","6.158","5.438","25.128","15.929","28.472","37.871","0.822","11.586","1.547","2.922","103.130","111.653"
"30","LMP3","Michael Whelden","12","2:00.535","27:56.559","Green","Track","5.811","5.685","24.840","15.218","26.231","27.335","0.549","10.706","1.446","2.714","154.413","119.452"
"7","LMP3","Pato O'Ward","11","2:02.944","28:09.430","Green","Track","5.822","5.739","24.958","15.583","26.996","27.808","0.555","11.255","1.476","2.752","152.744","117.024"
"26","LMP3","James McGuire","13","2:05.998","28:16.259","Green","Track","5.918","6.269","25.948","15.700","27.201","29.185","0.567","10.895","1.512","2.803","149.511","114.238"
"23","LMP3","Mike Skeen","8","2:01.361","28:16.865","Green","Track","5.803","5.664","24.719","15.349","26.606","27.816","0.552","10.641","1.464","2.747","153.574","117.983"
"55","LMP3","Gerry Kraut","13","2:04.159","28:17.460","Green","Track","6.017","5.979","25.400","15.655","26.916","28.168","0.570","11.225","1.474","2.755","148.724","117.183"
"4","LMP3","Zacharie Richard Robichon","14","2:00.242","28:25.402","Green","Track","5.790","5.656","24.351","15.182","26.437","27.685","0.560","10.393","1.453","2.735","151.380","118.876"
"47","LMP3","TJ Fischer","12","1:59.679","28:29.187","Green","Track","5.681","5.688","24.451","15.106","26.334","27.331","0.540","10.441","1.426","2.681","156.987","121.127"
"51","LMP3","Rob Hodes","11","2:06.597","28:35.969","Green","Track","6.017","6.150","25.766","15.679","27.455","29.192","0.562","11.435","1.528","2.813","150.841","113.041"
"74","LMP3","Anthony Simone","11","2:00.249","28:56.845","Green","Track","5.701","5.728","24.861","15.005","26.279","27.397","0.540","10.614","1.436","2.688","156.987","120.284"
"77","MPC","Howard Jacobs","11","2:12.836","29:03.743","Green","Track","6.528","6.553","26.789","16.695","28.821","30.385","0.621","11.839","1.595","3.010","136.510","108.293"
"3","LMP3","Benjamin Waddell","12","2:00.360","29:12.525","Green","Track","5.786","5.570","24.429","15.292","26.515","27.555","0.553","10.463","1.455","2.742","153.296","118.713"
"17","LMP3","Matt Dicken","12","2:06.730","29:13.849","Green","Track","6.045","6.202","25.720","15.673","27.822","28.722","0.573","11.674","1.502","2.797","147.945","114.998"
"36","MPC","Paul LaHaye","13","2:10.595","29:19.477","Green","Track","6.430","6.212","26.412","17.005","28.293","29.448","0.610","11.600","1.600","2.985","138.972","107.955"
"18","MPC","Wyatt Schwab","8","2:23.399","29:20.037","Green","Pit","6.294","6.051","25.653","16.138","27.687","29.073","0.610","13.925","4.607","13.361","138.972","37.492"
"34","MPC","Jon Brownson","12","2:04.331","29:21.797","Green","Track","6.151","5.457","25.221","15.711","27.672","28.584","0.605","10.549","1.510","2.871","140.120","114.389"
"44","LMP3","Josh Hurley","11","2:03.684","29:24.368","Green","Track","5.851","5.969","25.184","15.395","27.260","28.147","0.556","11.057","1.490","2.775","152.469","115.924"
"24","MPC","Tim George","13","2:10.896","29:29.852","Green","Track","6.374","6.005","26.779","16.699","28.364","30.164","0.612","11.327","1.591","2.981","138.518","108.565"
"33","LMP3","Lance Willsey","14","2:04.435","29:42.296","Green","Track","5.881","5.779","25.443","15.443","27.111","28.841","0.560","11.120","1.486","2.771","151.380","116.236"
"25","LMP3","Kenton Koch","12","2:01.543","29:42.544","Green","Track","5.774","5.488","24.672","15.097","26.327","28.039","0.581","11.325","1.473","2.767","145.908","117.262"
"42","LMP3","Jim Garrett","12","2:10.230","29:43.523","Green","Track","6.041","6.356","26.625","16.289","28.580","29.182","0.596","12.232","1.516","2.813","142.236","113.936"
"28","MPC","Bart Wolf","10","2:07.340","29:46.509","Green","Track","6.216","5.915","25.687","16.329","28.045","29.181","0.604","10.898","1.538","2.927","140.352","112.306"
"86","MPC","Dave House","12","2:07.557","29:51.348","Green","Track","6.229","5.850","25.843","15.962","28.001","29.411","0.608","11.164","1.555","2.934","139.429","111.079"
"75","LMP3","Cameron Cassels","14","2:03.747","29:54.704","Green","Track","5.935","6.215","25.407","15.249","27.221","28.026","0.554","10.967","1.449","2.724","153.019","119.204"
"30","LMP3","Michael Whelden","13","2:01.767","29:58.326","Green","Track","5.783","5.601","24.884","15.017","27.161","27.951","0.549","10.655","1.449","2.717","154.413","119.204"
"11","MPC","Robert Masson","12","2:05.925","30:00.242","Finish","Track","6.213","5.465","25.497","15.857","27.523","29.456","0.610","10.839","1.545","2.920","138.972","111.798"
"7","LMP3","Pato O'Ward","12","2:02.359","30:11.789","Finish","Track","5.805","5.743","24.925","15.282","26.924","27.906","0.554","11.007","1.469","2.744","153.019","117.582"
"23","LMP3","Mike Skeen","9","2:01.395","30:18.260","Finish","Track","5.780","5.764","25.060","15.384","26.778","27.457","0.554","10.454","1.442","2.722","153.019","119.783"
"55","LMP3","Gerry Kraut","14","2:03.540","30:21.000","Finish","Track","5.866","5.995","25.631","15.345","27.208","28.086","0.558","10.641","1.463","2.747","151.922","118.064"
"26","LMP3","James McGuire","14","2:07.018","30:23.277","Finish","Track","5.918","6.067","26.495","16.160","27.790","28.843","0.564","10.876","1.506","2.799","150.306","114.693"
"47","LMP3","TJ Fischer","13","1:59.175","30:28.362","Finish","Track","5.637","5.500","24.342","14.999","26.240","27.315","0.539","10.498","1.424","2.681","157.278","121.297"
"4","LMP3","Zacharie Richard Robichon","15","2:10.528","30:35.930","Finish","Pit","5.805","5.643","24.292","15.182","26.372","27.766","0.560","11.057","4.079","9.772","151.380","42.345"
"51","LMP3","Rob Hodes","12","2:04.232","30:40.201","Finish","Track","5.884","5.866","25.587","15.517","27.589","28.305","0.562","10.730","1.454","2.738","150.841","118.795"
"74","LMP3","Anthony Simone","12","2:01.733","30:58.578","Finish","Track","5.660","5.687","24.586","14.853","28.262","27.648","0.539","10.399","1.424","2.675","157.278","121.297"
"3","LMP3","Benjamin Waddell","13","1:59.615","31:12.140","Finish","Track","5.761","5.528","24.410","15.178","26.329","27.433","0.557","10.243","1.445","2.731","152.195","119.534"
"77","MPC","Howard Jacobs","12","2:11.359","31:15.102","Finish","Track","6.551","6.456","26.776","16.413","28.017","30.154","0.619","11.803","1.577","2.993","136.951","109.529"
"34","MPC","Jon Brownson","13","2:04.249","31:26.046","Finish","Track","6.093","5.433","25.633","15.552","27.356","28.494","0.602","10.670","1.509","2.907","140.818","114.465"
"44","LMP3","Josh Hurley","12","2:03.622","31:27.990","Finish","Track","5.881","5.966","24.879","15.274","27.632","28.281","0.556","10.937","1.465","2.751","152.469","117.903"
"24","MPC","Tim George","14","2:09.331","31:39.183","Finish","Track","6.262","5.530","26.130","16.443","28.537","29.859","0.613","11.431","1.570","2.956","138.292","110.017"
"17","LMP3","Matt Dicken","13","2:26.468","31:40.317","Finish","Pit","5.930","6.101","25.909","16.278","29.122","29.322","0.597","15.880","4.706","12.623","141.998","36.704"
"25","LMP3","Kenton Koch","13","2:01.172","31:43.716","Finish","Track","5.854","5.849","25.396","15.128","26.386","27.389","0.561","10.437","1.444","2.728","151.110","119.617"
"33","LMP3","Lance Willsey","15","2:03.313","31:45.609","Finish","Track","5.921","5.788","25.572","15.756","26.898","27.816","0.557","10.764","1.476","2.765","152.195","117.024"
"42","LMP3","Jim Garrett","13","2:07.747","31:51.270","Finish","Track","5.984","6.307","26.000","15.840","28.088","29.043","0.564","11.644","1.488","2.789","150.306","116.080"
"28","MPC","Bart Wolf","11","2:05.452","31:51.961","Finish","Track","6.228","5.811","25.626","15.819","27.419","28.798","0.605","10.735","1.521","2.890","140.120","113.562"
"86","MPC","Dave House","13","2:06.906","31:58.254","Finish","Track","6.199","5.667","25.942","15.838","27.890","29.070","0.607","11.209","1.555","2.929","139.659","111.079"
"75","LMP3","Cameron Cassels","15","2:06.335","32:01.039","Finish","Track","5.834","6.190","27.395","15.330","27.232","28.082","0.554","11.454","1.497","2.767","153.019","115.382"
"30","LMP3","Michael Whelden","14","2:02.863","32:01.189","Finish","Track","5.836","5.823","24.926","15.286","26.979","27.730","0.560","11.513","1.476","2.734","151.380","117.024"
"19","LMP3","Brad Baker","10","6:04.622","32:08.546","Finish","Track","228.971","12.264","29.763","16.619","29.194","30.935","0.630","11.788","1.581","2.877","134.560","109.252"
