NUMBER; DRIVER_NUMBER; LAP_NUMBER; LAP_TIME; LAP_IMPROVEMENT; CROSSING_FINISH_LINE_IN_PIT; S1; S1_IMPROVEMENT; S2; S2_IMPROVEMENT; S3; S3_IMPROVEMENT; KPH; ELAPSED; HOUR;S1_LARGE;S2_LARGE;S3_LARGE;TOP_SPEED;DRIVER_NAME;PIT_TIME;CLASS;GROUP;TEAM;MANUFACTURER;
51;1;1;4:09.828;0;;2:24.199;0;1:06.682;0;38.947;0;99.2;4:09.828;15:04:09.828;2:24.199;1:06.682;0:38.947;249.7;James CALADO;0:01:46.270;LMGTE Pro;;AF Corse;Ferrari;
51;1;2;2:14.573;0;;39.051;1;1:00.604;0;34.918;1;187.4;6:24.401;15:06:24.401;0:39.051;1:00.604;0:34.918;262.4;James CALADO;;LMGTE Pro;;AF Corse;Ferrari;
51;1;3;2:14.383;2;;39.102;0;1:00.352;2;34.929;0;187.6;8:38.784;15:08:38.784;0:39.102;1:00.352;0:34.929;262.4;James CALADO;;LMGTE Pro;;AF Corse;Ferrari;
51;1;4;2:27.449;0;B;40.327;0;1:04.120;0;43.002;0;171.0;11:06.233;15:11:06.233;0:40.327;1:04.120;0:43.002;250.3;James CALADO;;LMGTE Pro;;AF Corse;Ferrari;
51;0;5;3:15.679;0;;1:31.800;0;1:07.620;0;36.259;0;128.9;14:21.912;15:14:21.912;1:31.800;1:07.620;0:36.259;212.5;Alessandro PIER GUIDI;0:01:00.812;LMGTE Pro;;AF Corse;Ferrari;
51;0;6;2:14.731;0;;38.919;0;1:00.902;0;34.910;0;187.1;16:36.643;15:16:36.643;0:38.919;1:00.902;0:34.910;264.9;Alessandro PIER GUIDI;;LMGTE Pro;;AF Corse;Ferrari;
51;0;7;2:14.388;0;;38.918;2;1:00.577;1;34.893;2;187.6;18:51.031;15:18:51.031;0:38.918;1:00.577;0:34.893;265.6;Alessandro PIER GUIDI;;LMGTE Pro;;AF Corse;Ferrari;
51;0;8;2:33.667;0;B;42.758;0;1:06.130;0;44.779;0;164.1;21:24.698;15:21:24.698;0:42.758;1:06.130;0:44.779;222.5;Alessandro PIER GUIDI;;LMGTE Pro;;AF Corse;Ferrari;
54;2;1;4:10.906;0;;2:25.424;0;1:06.005;0;39.477;0;98.7;4:10.906;15:04:10.906;2:25.424;1:06.005;0:39.477;249.1;Giancarlo FISICHELLA;0:01:48.435;LMGTE Am;;Spirit of Race;Ferrari;
54;2;2;2:16.989;0;;39.825;0;1:01.635;2;35.529;2;184.1;6:27.895;15:06:27.895;0:39.825;1:01.635;0:35.529;259.2;Giancarlo FISICHELLA;;LMGTE Am;;Spirit of Race;Ferrari;
54;2;3;2:18.424;0;;39.714;0;1:01.638;0;37.072;0;182.2;8:46.319;15:08:46.319;0:39.714;1:01.638;0:37.072;258.6;Giancarlo FISICHELLA;;LMGTE Am;;Spirit of Race;Ferrari;
54;2;4;2:16.919;2;;39.564;2;1:01.803;0;35.552;0;184.2;11:03.238;15:11:03.238;0:39.564;1:01.803;0:35.552;259.9;Giancarlo FISICHELLA;;LMGTE Am;;Spirit of Race;Ferrari;
54;2;5;2:28.457;0;B;40.228;0;1:04.308;0;43.921;0;169.8;13:31.695;15:13:31.695;0:40.228;1:04.308;0:43.921;257.4;Giancarlo FISICHELLA;;LMGTE Am;;Spirit of Race;Ferrari;
54;0;6;4:18.793;0;;2:29.194;0;1:11.107;0;38.492;0;97.4;17:50.488;15:17:50.488;2:29.194;1:11.107;0:38.492;250.3;Thomas FLOHR;0:01:56.812;LMGTE Am;;Spirit of Race;Ferrari;
54;0;7;2:21.923;0;;41.204;0;1:03.951;0;36.768;0;177.7;20:12.411;15:20:12.411;0:41.204;1:03.951;0:36.768;253.8;Thomas FLOHR;;LMGTE Am;;Spirit of Race;Ferrari;
54;0;8;2:21.507;0;;40.876;0;1:03.925;0;36.706;0;178.2;22:33.918;15:22:33.918;0:40.876;1:03.925;0:36.706;255.0;Thomas FLOHR;;LMGTE Am;;Spirit of Race;Ferrari;
54;0;9;2:20.916;0;;40.554;1;1:03.898;1;36.464;0;178.9;24:54.834;15:24:54.834;0:40.554;1:03.898;0:36.464;256.2;Thomas FLOHR;;LMGTE Am;;Spirit of Race;Ferrari;
54;0;10;2:20.851;0;;40.619;0;1:03.920;0;36.312;1;179.0;27:15.685;15:27:15.685;0:40.619;1:03.920;0:36.312;257.4;Thomas FLOHR;;LMGTE Am;;Spirit of Race;Ferrari;
56;2;1;3:17.977;0;;1:34.739;0;1:05.150;0;38.088;0;125.1;3:17.977;15:03:17.977;1:34.739;1:05.150;0:38.088;250.3;Egidio PERFETTI;0:00:57.379;LMGTE Am;;Team Project 1;Porsche;
56;2;2;2:17.531;0;;39.427;0;1:02.604;0;35.500;0;183.3;5:35.508;15:05:35.508;0:39.427;1:02.604;0:35.500;264.3;Egidio PERFETTI;;LMGTE Am;;Team Project 1;Porsche;
56;2;3;2:17.223;0;;39.352;1;1:02.407;1;35.464;1;183.7;7:52.731;15:07:52.731;0:39.352;1:02.407;0:35.464;263.0;Egidio PERFETTI;;LMGTE Am;;Team Project 1;Porsche;
56;2;4;2:28.697;0;B;39.466;0;1:04.911;0;44.320;0;169.6;10:21.428;15:10:21.428;0:39.466;1:04.911;0:44.320;259.9;Egidio PERFETTI;;LMGTE Am;;Team Project 1;Porsche;
56;0;5;7:25.338;0;;5:46.238;0;1:03.236;0;35.864;0;56.6;17:46.766;15:17:46.766;5:46.238;1:03.236;0:35.864;254.4;Jörg BERGMEISTER;0:05:16.313;LMGTE Am;;Team Project 1;Porsche;
56;0;6;2:16.052;2;;39.031;0;1:01.815;0;35.206;2;185.3;20:02.818;15:20:02.818;0:39.031;1:01.815;0:35.206;264.9;Jörg BERGMEISTER;;LMGTE Am;;Team Project 1;Porsche;
56;0;7;2:16.176;0;;39.022;2;1:01.770;2;35.384;0;185.2;22:18.994;15:22:18.994;0:39.022;1:01.770;0:35.384;266.9;Jörg BERGMEISTER;;LMGTE Am;;Team Project 1;Porsche;
56;0;8;2:29.738;0;B;39.113;0;1:04.755;0;45.870;0;168.4;24:48.732;15:24:48.732;0:39.113;1:04.755;0:45.870;265.6;Jörg BERGMEISTER;;LMGTE Am;;Team Project 1;Porsche;
61;0;1;3:43.278;0;;1:57.307;0;1:08.753;0;37.218;0;111.0;3:43.278;15:03:43.278;1:57.307;1:08.753;0:37.218;246.3;Weng Sun MOK;0:01:17.255;LMGTE Am;;Clearwater Racing;Ferrari;
61;0;2;2:23.132;0;;41.013;0;1:05.594;0;36.525;0;176.2;6:06.410;15:06:06.410;0:41.013;1:05.594;0:36.525;255.0;Weng Sun MOK;;LMGTE Am;;Clearwater Racing;Ferrari;
61;0;3;2:37.466;0;;43.723;0;1:11.388;0;42.355;0;160.1;8:43.876;15:08:43.876;0:43.723;1:11.388;0:42.355;189.8;Weng Sun MOK;;LMGTE Am;;Clearwater Racing;Ferrari;
61;0;4;2:33.674;0;;43.394;0;1:11.510;0;38.770;0;164.1;11:17.550;15:11:17.550;0:43.394;1:11.510;0:38.770;216.7;Weng Sun MOK;;LMGTE Am;;Clearwater Racing;Ferrari;
61;0;5;2:23.846;0;;41.218;0;1:05.010;0;37.618;0;175.3;13:41.396;15:13:41.396;0:41.218;1:05.010;0:37.618;256.2;Weng Sun MOK;;LMGTE Am;;Clearwater Racing;Ferrari;
61;0;6;2:22.273;0;;40.956;1;1:04.814;1;36.503;1;177.2;16:03.669;15:16:03.669;0:40.956;1:04.814;0:36.503;258.6;Weng Sun MOK;;LMGTE Am;;Clearwater Racing;Ferrari;
61;0;7;2:34.572;0;B;41.894;0;1:06.706;0;45.972;0;163.1;18:38.241;15:18:38.241;0:41.894;1:06.706;0:45.972;253.2;Weng Sun MOK;;LMGTE Am;;Clearwater Racing;Ferrari;
61;2;8;3:12.251;0;;1:32.216;0;1:03.857;0;36.178;0;131.2;21:50.492;15:21:50.492;1:32.216;1:03.857;0:36.178;253.2;Matthew GRIFFIN;0:01:03.743;LMGTE Am;;Clearwater Racing;Ferrari;
61;2;9;2:16.987;0;;39.475;0;1:01.796;0;35.716;2;184.1;24:07.479;15:24:07.479;0:39.475;1:01.796;0:35.716;263.0;Matthew GRIFFIN;;LMGTE Am;;Clearwater Racing;Ferrari;
61;2;10;2:16.617;2;;39.434;2;1:01.448;2;35.735;0;184.6;26:24.096;15:26:24.096;0:39.434;1:01.448;0:35.735;260.5;Matthew GRIFFIN;;LMGTE Am;;Clearwater Racing;Ferrari;
66;1;1;5:55.300;0;;4:14.972;0;1:02.835;0;37.493;0;69.7;5:55.300;15:05:55.300;4:14.972;1:02.835;0:37.493;257.4;Olivier PLA;0:03:37.571;LMGTE Pro;;Ford Chip Ganassi Team UK;Ford;
66;1;2;2:12.420;3;;38.164;3;59.957;3;34.299;2;190.4;8:07.720;15:08:07.720;0:38.164;0:59.957;0:34.299;272.3;Olivier PLA;;LMGTE Pro;;Ford Chip Ganassi Team UK;Ford;
66;1;3;2:22.869;0;B;38.834;0;1:02.026;0;42.009;0;176.5;10:30.589;15:10:30.589;0:38.834;1:02.026;0:42.009;269.6;Olivier PLA;;LMGTE Pro;;Ford Chip Ganassi Team UK;Ford;
66;0;4;3:36.951;0;;1:59.959;0;1:02.340;0;34.652;0;116.2;14:07.540;15:14:07.540;1:59.959;1:02.340;0:34.652;268.2;Stefan MÜCKE;0:01:31.520;LMGTE Pro;;Ford Chip Ganassi Team UK;Ford;
66;0;5;2:13.777;0;;38.349;1;1:00.833;0;34.595;0;188.5;16:21.317;15:16:21.317;0:38.349;1:00.833;0:34.595;273.6;Stefan MÜCKE;;LMGTE Pro;;Ford Chip Ganassi Team UK;Ford;
66;0;6;2:13.641;0;;38.435;0;1:00.669;1;34.537;1;188.7;18:34.958;15:18:34.958;0:38.435;1:00.669;0:34.537;273.6;Stefan MÜCKE;;LMGTE Pro;;Ford Chip Ganassi Team UK;Ford;
66;0;7;2:26.767;0;B;40.344;0;1:03.538;0;42.885;0;171.8;21:01.725;15:21:01.725;0:40.344;1:03.538;0:42.885;257.4;Stefan MÜCKE;;LMGTE Pro;;Ford Chip Ganassi Team UK;Ford;
67;0;1;2:25.733;0;;49.335;0;1:01.836;0;34.562;0;170.0;2:25.733;15:02:25.733;0:49.335;1:01.836;0:34.562;258.0;Andy PRIAULX;0:00:11.037;LMGTE Pro;;Ford Chip Ganassi Team UK;Ford;
67;0;2;2:12.936;0;;38.202;2;1:00.307;0;34.427;0;189.7;4:38.669;15:04:38.669;0:38.202;1:00.307;0:34.427;273.6;Andy PRIAULX;;LMGTE Pro;;Ford Chip Ganassi Team UK;Ford;
67;0;3;2:12.604;2;;38.258;0;1:00.138;2;34.208;1;190.1;6:51.273;15:06:51.273;0:38.258;1:00.138;0:34.208;272.9;Andy PRIAULX;;LMGTE Pro;;Ford Chip Ganassi Team UK;Ford;
67;0;4;2:27.939;0;B;39.675;0;1:05.770;0;42.494;0;170.4;9:19.212;15:09:19.212;0:39.675;1:05.770;0:42.494;261.7;Andy PRIAULX;;LMGTE Pro;;Ford Chip Ganassi Team UK;Ford;
67;1;5;3:19.315;0;;1:40.398;0;1:03.655;0;35.262;0;126.5;12:38.527;15:12:38.527;1:40.398;1:03.655;0:35.262;264.3;Harry TINCKNELL;0:01:11.600;LMGTE Pro;;Ford Chip Ganassi Team UK;Ford;
67;1;6;2:13.290;0;;38.353;0;1:00.731;0;34.206;3;189.2;14:51.817;15:14:51.817;0:38.353;1:00.731;0:34.206;271.6;Harry TINCKNELL;;LMGTE Pro;;Ford Chip Ganassi Team UK;Ford;
67;1;7;2:13.463;0;;38.221;1;1:00.669;1;34.573;0;188.9;17:05.280;15:17:05.280;0:38.221;1:00.669;0:34.573;274.3;Harry TINCKNELL;;LMGTE Pro;;Ford Chip Ganassi Team UK;Ford;
67;1;8;2:24.519;0;B;39.041;0;1:03.029;0;42.449;0;174.5;19:29.799;15:19:29.799;0:39.041;1:03.029;0:42.449;269.6;Harry TINCKNELL;;LMGTE Pro;;Ford Chip Ganassi Team UK;Ford;
70;1;1;2:39.514;0;;54.666;0;1:07.938;0;36.910;0;155.3;2:39.514;15:02:39.514;0:54.666;1:07.938;0:36.910;249.1;Olivier BERETTA;0:00:18.877;LMGTE Am;;MR Racing;Ferrari;
70;1;2;2:16.719;0;;39.571;2;1:01.814;0;35.334;0;184.4;4:56.233;15:04:56.233;0:39.571;1:01.814;0:35.334;261.7;Olivier BERETTA;;LMGTE Am;;MR Racing;Ferrari;
70;1;3;2:16.560;2;;39.596;0;1:01.649;2;35.315;2;184.6;7:12.793;15:07:12.793;0:39.596;1:01.649;0:35.315;259.2;Olivier BERETTA;;LMGTE Am;;MR Racing;Ferrari;
70;1;4;3:37.397;0;B;41.183;0;1:03.704;0;1:52.510;0;116.0;10:50.190;15:10:50.190;0:41.183;1:03.704;1:52.510;254.4;Olivier BERETTA;;LMGTE Am;;MR Racing;Ferrari;
70;0;5;2:38.589;0;;56.731;0;1:05.464;0;36.394;0;159.0;13:28.779;15:13:28.779;0:56.731;1:05.464;0:36.394;250.8;Motoaki ISHIKAWA;0:01:32.965;LMGTE Am;;MR Racing;Ferrari;
70;0;6;2:21.483;0;;41.058;0;1:04.445;0;35.980;1;178.2;15:50.262;15:15:50.262;0:41.058;1:04.445;0:35.980;255.0;Motoaki ISHIKAWA;;LMGTE Am;;MR Racing;Ferrari;
70;0;7;2:21.539;0;;40.789;0;1:04.607;0;36.143;0;178.1;18:11.801;15:18:11.801;0:40.789;1:04.607;0:36.143;256.2;Motoaki ISHIKAWA;;LMGTE Am;;MR Racing;Ferrari;
70;0;8;2:21.475;0;;40.907;0;1:04.305;0;36.263;0;178.2;20:33.276;15:20:33.276;0:40.907;1:04.305;0:36.263;255.0;Motoaki ISHIKAWA;;LMGTE Am;;MR Racing;Ferrari;
70;0;9;2:20.745;0;;40.453;1;1:04.159;0;36.133;0;179.1;22:54.021;15:22:54.021;0:40.453;1:04.159;0:36.133;258.0;Motoaki ISHIKAWA;;LMGTE Am;;MR Racing;Ferrari;
70;0;10;2:20.464;0;;40.785;0;1:03.643;1;36.036;0;179.5;25:14.485;15:25:14.485;0:40.785;1:03.643;0:36.036;257.4;Motoaki ISHIKAWA;;LMGTE Am;;MR Racing;Ferrari;
71;0;1;4:26.231;0;;2:47.539;0;1:02.877;0;35.815;0;93.1;4:26.231;15:04:26.231;2:47.539;1:02.877;0:35.815;252.6;Davide RIGON;0:02:13.201;LMGTE Pro;;AF Corse;Ferrari;
71;0;2;2:14.900;0;;39.281;0;1:00.597;0;35.022;2;186.9;6:41.131;15:06:41.131;0:39.281;1:00.597;0:35.022;261.1;Davide RIGON;;LMGTE Pro;;AF Corse;Ferrari;
71;0;3;2:14.780;2;;39.158;2;1:00.550;2;35.072;0;187.1;8:55.911;15:08:55.911;0:39.158;1:00.550;0:35.072;258.6;Davide RIGON;;LMGTE Pro;;AF Corse;Ferrari;
71;0;4;2:23.783;0;B;39.683;0;1:02.568;0;41.532;0;175.4;11:19.694;15:11:19.694;0:39.683;1:02.568;0:41.532;259.9;Davide RIGON;;LMGTE Pro;;AF Corse;Ferrari;
71;1;5;3:15.945;0;;1:29.858;0;1:08.849;0;37.238;0;128.7;14:35.639;15:14:35.639;1:29.858;1:08.849;0:37.238;258.6;Sam BIRD;0:01:01.123;LMGTE Pro;;AF Corse;Ferrari;
71;1;6;2:15.929;0;;39.212;0;1:01.468;0;35.249;1;185.5;16:51.568;15:16:51.568;0:39.212;1:01.468;0:35.249;262.4;Sam BIRD;;LMGTE Pro;;AF Corse;Ferrari;
71;1;7;2:16.317;0;;39.203;1;1:01.553;0;35.561;0;185.0;19:07.885;15:19:07.885;0:39.203;1:01.553;0:35.561;263.0;Sam BIRD;;LMGTE Pro;;AF Corse;Ferrari;
71;1;8;2:15.429;0;;39.234;0;1:00.919;1;35.276;0;186.2;21:23.314;15:21:23.314;0:39.234;1:00.919;0:35.276;262.4;Sam BIRD;;LMGTE Pro;;AF Corse;Ferrari;
71;1;9;2:32.130;0;B;42.418;0;1:05.185;0;44.527;0;165.7;23:55.444;15:23:55.444;0:42.418;1:05.185;0:44.527;239.2;Sam BIRD;;LMGTE Pro;;AF Corse;Ferrari;
77;2;1;3:02.364;0;;1:15.571;0;1:04.064;0;42.729;0;135.9;3:02.364;15:03:02.364;1:15.571;1:04.064;0:42.729;252.0;Matt CAMPBELL;0:00:39.857;LMGTE Am;;Dempsey - Proton Racing;Porsche;
77;2;2;2:14.790;2;;38.804;2;1:01.109;2;34.877;2;187.1;5:17.154;15:05:17.154;0:38.804;1:01.109;0:34.877;266.2;Matt CAMPBELL;;LMGTE Am;;Dempsey - Proton Racing;Porsche;
77;2;3;2:28.089;0;B;38.857;0;1:03.547;0;45.685;0;170.3;7:45.243;15:07:45.243;0:38.857;1:03.547;0:45.685;265.6;Matt CAMPBELL;;LMGTE Am;;Dempsey - Proton Racing;Porsche;
77;0;4;3:53.936;0;;2:09.415;0;1:05.910;0;38.611;0;107.8;11:39.179;15:11:39.179;2:09.415;1:05.910;0:38.611;257.4;Christian RIED;0:01:39.807;LMGTE Am;;Dempsey - Proton Racing;Porsche;
77;0;5;2:18.702;0;;39.714;0;1:03.764;0;35.224;1;181.8;13:57.881;15:13:57.881;0:39.714;1:03.764;0:35.224;261.1;Christian RIED;;LMGTE Am;;Dempsey - Proton Racing;Porsche;
77;0;6;2:18.255;0;;39.626;1;1:03.093;0;35.536;0;182.4;16:16.136;15:16:16.136;0:39.626;1:03.093;0:35.536;263.0;Christian RIED;;LMGTE Am;;Dempsey - Proton Racing;Porsche;
77;0;7;2:24.652;0;;39.778;0;1:07.289;0;37.585;0;174.3;18:40.788;15:18:40.788;0:39.778;1:07.289;0:37.585;262.4;Christian RIED;;LMGTE Am;;Dempsey - Proton Racing;Porsche;
77;0;8;2:17.924;0;;39.713;0;1:02.790;1;35.421;0;182.8;20:58.712;15:20:58.712;0:39.713;1:02.790;0:35.421;262.4;Christian RIED;;LMGTE Am;;Dempsey - Proton Racing;Porsche;
77;0;9;2:18.228;0;;39.773;0;1:02.911;0;35.544;0;182.4;23:16.940;15:23:16.940;0:39.773;1:02.911;0:35.544;262.4;Christian RIED;;LMGTE Am;;Dempsey - Proton Racing;Porsche;
77;0;10;2:48.416;0;B;39.940;0;1:13.058;0;55.418;0;149.7;26:05.356;15:26:05.356;0:39.940;1:13.058;0:55.418;263.0;Christian RIED;;LMGTE Am;;Dempsey - Proton Racing;Porsche;
81;0;1;4:18.150;0;;2:32.592;0;1:04.430;0;41.128;0;96.0;4:18.150;15:04:18.150;2:32.592;1:04.430;0:41.128;254.4;Martin TOMCZYK;0:01:57.683;LMGTE Pro;;BMW Team MTEK;BMW;
81;0;2;2:15.121;2;;38.732;2;1:01.454;1;34.935;1;186.6;6:33.271;15:06:33.271;0:38.732;1:01.454;0:34.935;268.9;Martin TOMCZYK;;LMGTE Pro;;BMW Team MTEK;BMW;
81;0;3;2:23.024;0;B;38.913;0;1:01.985;0;42.126;0;176.3;8:56.295;15:08:56.295;0:38.913;1:01.985;0:42.126;268.2;Martin TOMCZYK;;LMGTE Pro;;BMW Team MTEK;BMW;
81;1;4;3:28.175;0;;1:44.813;0;1:06.730;0;36.632;0;121.1;12:24.470;15:12:24.470;1:44.813;1:06.730;0:36.632;239.2;Nicky CATSBURG;0:01:14.917;LMGTE Pro;;BMW Team MTEK;BMW;
81;1;5;2:15.833;0;;39.070;0;1:01.865;0;34.898;2;185.6;14:40.303;15:14:40.303;0:39.070;1:01.865;0:34.898;268.2;Nicky CATSBURG;;LMGTE Pro;;BMW Team MTEK;BMW;
81;1;6;2:25.018;0;B;38.860;0;1:03.438;0;42.720;0;173.9;17:05.321;15:17:05.321;0:38.860;1:03.438;0:42.720;270.9;Nicky CATSBURG;;LMGTE Pro;;BMW Team MTEK;BMW;
81;1;7;2:56.671;0;;1:19.697;0;1:01.719;0;35.255;0;142.7;20:01.992;15:20:01.992;1:19.697;1:01.719;0:35.255;266.2;Nicky CATSBURG;0:00:50.276;LMGTE Pro;;BMW Team MTEK;BMW;
81;1;8;2:15.164;0;;38.856;1;1:01.208;2;35.100;0;186.5;22:17.156;15:22:17.156;0:38.856;1:01.208;0:35.100;268.9;Nicky CATSBURG;;LMGTE Pro;;BMW Team MTEK;BMW;
81;1;9;2:23.139;0;B;39.046;0;1:01.605;0;42.488;0;176.2;24:40.295;15:24:40.295;0:39.046;1:01.605;0:42.488;268.2;Nicky CATSBURG;;LMGTE Pro;;BMW Team MTEK;BMW;
82;0;1;3:51.709;0;;2:06.611;0;1:05.688;0;39.410;0;106.9;3:51.709;15:03:51.709;2:06.611;1:05.688;0:39.410;253.8;Tom BLOMQVIST;0:01:29.036;LMGTE Pro;;BMW Team MTEK;BMW;
82;0;2;2:13.702;0;;38.602;0;1:00.566;0;34.534;2;188.6;6:05.411;15:06:05.411;0:38.602;1:00.566;0:34.534;268.2;Tom BLOMQVIST;;LMGTE Pro;;BMW Team MTEK;BMW;
82;0;3;2:13.683;2;;38.588;2;1:00.386;2;34.709;0;188.6;8:19.094;15:08:19.094;0:38.588;1:00.386;0:34.709;268.2;Tom BLOMQVIST;;LMGTE Pro;;BMW Team MTEK;BMW;
82;0;4;2:24.024;0;B;39.389;0;1:02.305;0;42.330;0;175.1;10:43.118;15:10:43.118;0:39.389;1:02.305;0:42.330;258.0;Tom BLOMQVIST;;LMGTE Pro;;BMW Team MTEK;BMW;
82;1;5;3:32.573;0;;1:52.463;0;1:04.488;0;35.622;0;118.6;14:15.691;15:14:15.691;1:52.463;1:04.488;0:35.622;260.5;Antonio Felix DA COSTA;0:01:22.794;LMGTE Pro;;BMW Team MTEK;BMW;
82;1;6;2:15.383;0;;38.802;0;1:01.654;0;34.927;0;186.2;16:31.074;15:16:31.074;0:38.802;1:01.654;0:34.927;267.6;Antonio Felix DA COSTA;;LMGTE Pro;;BMW Team MTEK;BMW;
82;1;7;2:21.804;0;B;38.838;0;1:01.571;0;41.395;0;177.8;18:52.878;15:18:52.878;0:38.838;1:01.571;0:41.395;267.6;Antonio Felix DA COSTA;;LMGTE Pro;;BMW Team MTEK;BMW;
82;1;8;3:10.960;0;;1:27.588;0;1:03.282;0;40.090;0;132.0;22:03.838;15:22:03.838;1:27.588;1:03.282;0:40.090;258.0;Antonio Felix DA COSTA;0:00:56.901;LMGTE Pro;;BMW Team MTEK;BMW;
82;1;9;2:14.351;0;;38.627;1;1:00.858;1;34.866;1;187.7;24:18.189;15:24:18.189;0:38.627;1:00.858;0:34.866;268.9;Antonio Felix DA COSTA;;LMGTE Pro;;BMW Team MTEK;BMW;
82;1;10;2:30.415;0;B;38.716;0;1:05.727;0;45.972;0;167.6;26:48.604;15:26:48.604;0:38.716;1:05.727;0:45.972;269.6;Antonio Felix DA COSTA;;LMGTE Pro;;BMW Team MTEK;BMW;
86;1;1;2:45.953;0;;59.135;0;1:07.065;0;39.753;0;149.3;2:45.953;15:02:45.953;0:59.135;1:07.065;0:39.753;241.3;Benjamin BARKER;0:00:23.366;LMGTE Am;;Gulf Racing UK;Porsche;
86;1;2;2:15.534;0;;39.138;2;1:01.225;0;35.171;0;186.0;5:01.487;15:05:01.487;0:39.138;1:01.225;0:35.171;265.6;Benjamin BARKER;;LMGTE Am;;Gulf Racing UK;Porsche;
86;1;3;2:15.332;2;;39.156;0;1:01.024;2;35.152;2;186.3;7:16.819;15:07:16.819;0:39.156;1:01.024;0:35.152;263.6;Benjamin BARKER;;LMGTE Am;;Gulf Racing UK;Porsche;
86;1;4;2:25.937;0;B;39.515;0;1:03.510;0;42.912;0;172.8;9:42.756;15:09:42.756;0:39.515;1:03.510;0:42.912;261.7;Benjamin BARKER;;LMGTE Am;;Gulf Racing UK;Porsche;
86;0;5;3:58.406;0;;2:12.312;0;1:07.264;0;38.830;0;105.8;13:41.162;15:13:41.162;2:12.312;1:07.264;0:38.830;244.6;Michael WAINWRIGHT;0:01:41.742;LMGTE Am;;Gulf Racing UK;Porsche;
86;0;6;2:18.233;0;;39.990;0;1:02.548;1;35.695;0;182.4;15:59.395;15:15:59.395;0:39.990;1:02.548;0:35.695;263.0;Michael WAINWRIGHT;;LMGTE Am;;Gulf Racing UK;Porsche;
86;0;7;2:18.137;0;;39.754;0;1:02.703;0;35.680;1;182.5;18:17.532;15:18:17.532;0:39.754;1:02.703;0:35.680;263.0;Michael WAINWRIGHT;;LMGTE Am;;Gulf Racing UK;Porsche;
86;0;8;2:25.661;0;B;39.574;1;1:03.844;0;42.243;0;173.1;20:43.193;15:20:43.193;0:39.574;1:03.844;0:42.243;263.6;Michael WAINWRIGHT;;LMGTE Am;;Gulf Racing UK;Porsche;
88;2;1;3:34.324;0;;1:49.464;0;1:05.471;0;39.389;0;115.6;3:34.324;15:03:34.324;1:49.464;1:05.471;0:39.389;248.0;Matteo CAIROLI;0:01:11.811;LMGTE Am;;Dempsey - Proton Racing;Porsche;
88;2;2;2:14.766;2;;39.032;0;1:00.777;2;34.957;2;187.1;5:49.090;15:05:49.090;0:39.032;1:00.777;0:34.957;265.6;Matteo CAIROLI;;LMGTE Am;;Dempsey - Proton Racing;Porsche;
88;2;3;2:21.065;0;B;38.899;2;1:00.972;0;41.194;0;178.7;8:10.155;15:08:10.155;0:38.899;1:00.972;0:41.194;264.3;Matteo CAIROLI;;LMGTE Am;;Dempsey - Proton Racing;Porsche;
88;0;4;4:01.566;0;;2:20.712;0;1:04.467;0;36.387;0;104.4;12:11.721;15:12:11.721;2:20.712;1:04.467;0:36.387;255.6;Khaled AL QUBAISI;0:01:50.110;LMGTE Am;;Dempsey - Proton Racing;Porsche;
88;0;5;2:19.435;0;;40.150;0;1:03.209;0;36.076;0;180.8;14:31.156;15:14:31.156;0:40.150;1:03.209;0:36.076;261.1;Khaled AL QUBAISI;;LMGTE Am;;Dempsey - Proton Racing;Porsche;
88;0;6;2:18.771;0;;39.986;0;1:02.986;1;35.799;1;181.7;16:49.927;15:16:49.927;0:39.986;1:02.986;0:35.799;260.5;Khaled AL QUBAISI;;LMGTE Am;;Dempsey - Proton Racing;Porsche;
88;0;7;2:32.258;0;B;39.921;1;1:07.064;0;45.273;0;165.6;19:22.185;15:19:22.185;0:39.921;1:07.064;0:45.273;261.1;Khaled AL QUBAISI;;LMGTE Am;;Dempsey - Proton Racing;Porsche;
90;1;1;2:36.612;0;;56.242;0;1:04.929;0;35.441;0;158.2;2:36.612;15:02:36.612;0:56.242;1:04.929;0:35.441;249.7;Euan ALERS-HANKEY;0:00:21.036;LMGTE Am;;TF Sport;Aston Martin;
90;1;2;2:16.511;2;;39.102;2;1:02.190;2;35.219;2;184.7;4:53.123;15:04:53.123;0:39.102;1:02.190;0:35.219;268.2;Euan ALERS-HANKEY;;LMGTE Am;;TF Sport;Aston Martin;
90;1;3;2:27.503;0;;39.176;0;1:02.991;0;45.336;0;170.9;7:20.626;15:07:20.626;0:39.176;1:02.991;0:45.336;267.6;Euan ALERS-HANKEY;;LMGTE Am;;TF Sport;Aston Martin;
90;1;4;2:27.684;0;B;39.148;0;1:05.187;0;43.349;0;170.7;9:48.310;15:09:48.310;0:39.148;1:05.187;0:43.349;268.2;Euan ALERS-HANKEY;;LMGTE Am;;TF Sport;Aston Martin;
90;0;5;3:48.976;0;;2:03.606;0;1:08.570;0;36.800;0;110.1;13:37.286;15:13:37.286;2:03.606;1:08.570;0:36.800;255.0;Salih YOLUC;0:01:28.703;LMGTE Am;;TF Sport;Aston Martin;
90;0;6;2:20.091;0;;39.962;0;1:04.597;0;35.532;0;180.0;15:57.377;15:15:57.377;0:39.962;1:04.597;0:35.532;265.6;Salih YOLUC;;LMGTE Am;;TF Sport;Aston Martin;
90;0;7;2:18.744;0;;39.475;0;1:03.550;1;35.719;1;181.7;18:16.121;15:18:16.121;0:39.475;1:03.550;0:35.719;266.9;Salih YOLUC;;LMGTE Am;;TF Sport;Aston Martin;
90;0;8;2:19.156;0;;39.509;0;1:03.862;0;35.785;0;181.2;20:35.277;15:20:35.277;0:39.509;1:03.862;0:35.785;266.9;Salih YOLUC;;LMGTE Am;;TF Sport;Aston Martin;
90;0;9;2:19.358;0;;39.327;1;1:03.811;0;36.220;0;180.9;22:54.635;15:22:54.635;0:39.327;1:03.811;0:36.220;268.9;Salih YOLUC;;LMGTE Am;;TF Sport;Aston Martin;
90;0;10;2:35.235;0;B;41.631;0;1:07.305;0;46.299;0;162.4;25:29.870;15:25:29.870;0:41.631;1:07.305;0:46.299;244.6;Salih YOLUC;;LMGTE Am;;TF Sport;Aston Martin;
91;0;1;5:22.027;0;;3:44.132;0;1:02.900;0;34.995;0;76.9;5:22.027;15:05:22.027;3:44.132;1:02.900;0:34.995;232.5;Richard LIETZ;0:03:09.323;LMGTE Pro;;Porsche GT Team;Porsche;
91;0;2;2:13.004;2;;38.443;0;1:00.231;2;34.330;2;189.6;7:35.031;15:07:35.031;0:38.443;1:00.231;0:34.330;268.9;Richard LIETZ;;LMGTE Pro;;Porsche GT Team;Porsche;
91;0;3;2:13.104;0;;38.323;1;1:00.348;0;34.433;0;189.4;9:48.135;15:09:48.135;0:38.323;1:00.348;0:34.433;268.9;Richard LIETZ;;LMGTE Pro;;Porsche GT Team;Porsche;
91;0;4;2:22.439;0;B;39.042;0;1:02.509;0;40.888;0;177.0;12:10.574;15:12:10.574;0:39.042;1:02.509;0:40.888;268.9;Richard LIETZ;;LMGTE Pro;;Porsche GT Team;Porsche;
91;1;5;5:16.449;0;;3:36.416;0;1:04.516;0;35.517;0;79.7;17:27.023;15:17:27.023;3:36.416;1:04.516;0:35.517;263.0;Gianmaria BRUNI;0:03:07.365;LMGTE Pro;;Porsche GT Team;Porsche;
91;1;6;2:13.065;0;;38.342;0;1:00.366;1;34.357;1;189.5;19:40.088;15:19:40.088;0:38.342;1:00.366;0:34.357;270.9;Gianmaria BRUNI;;LMGTE Pro;;Porsche GT Team;Porsche;
91;1;7;2:20.977;0;;38.210;2;1:04.543;0;38.224;0;178.9;22:01.065;15:22:01.065;0:38.210;1:04.543;0:38.224;272.3;Gianmaria BRUNI;;LMGTE Pro;;Porsche GT Team;Porsche;
91;1;8;2:21.315;0;B;38.388;0;1:00.701;0;42.226;0;178.4;24:22.380;15:24:22.380;0:38.388;1:00.701;0:42.226;270.2;Gianmaria BRUNI;;LMGTE Pro;;Porsche GT Team;Porsche;
92;0;1;4:07.309;0;;2:26.810;0;1:03.951;0;36.548;0;100.2;4:07.309;15:04:07.309;2:26.810;1:03.951;0:36.548;257.4;Michael CHRISTENSEN;0:01:52.530;LMGTE Pro;;Porsche GT Team;Porsche;
92;0;2;2:13.158;2;;38.424;0;1:00.338;2;34.396;2;189.4;6:20.467;15:06:20.467;0:38.424;1:00.338;0:34.396;268.9;Michael CHRISTENSEN;;LMGTE Pro;;Porsche GT Team;Porsche;
92;0;3;2:19.523;0;B;38.272;2;1:00.688;0;40.563;0;180.7;8:39.990;15:08:39.990;0:38.272;1:00.688;0:40.563;268.2;Michael CHRISTENSEN;;LMGTE Pro;;Porsche GT Team;Porsche;
92;1;4;4:59.954;0;;3:14.706;0;1:05.156;0;40.092;0;84.1;13:39.944;15:13:39.944;3:14.706;1:05.156;0:40.092;259.9;Kevin ESTRE;0:02:45.814;LMGTE Pro;;Porsche GT Team;Porsche;
92;1;5;2:13.546;0;;38.314;1;1:00.763;1;34.469;1;188.8;15:53.490;15:15:53.490;0:38.314;1:00.763;0:34.469;270.9;Kevin ESTRE;;LMGTE Pro;;Porsche GT Team;Porsche;
92;1;6;2:13.660;0;;38.317;0;1:00.818;0;34.525;0;188.6;18:07.150;15:18:07.150;0:38.317;1:00.818;0:34.525;270.9;Kevin ESTRE;;LMGTE Pro;;Porsche GT Team;Porsche;
92;1;7;2:42.230;0;B;46.444;0;1:08.888;0;46.898;0;155.4;20:49.380;15:20:49.380;0:46.444;1:08.888;0:46.898;204.1;Kevin ESTRE;;LMGTE Pro;;Porsche GT Team;Porsche;
95;0;1;2:58.330;0;;1:13.746;0;1:03.773;0;40.811;0;138.9;2:58.330;15:02:58.330;1:13.746;1:03.773;0:40.811;237.1;Marco SØRENSEN;0:00:35.897;LMGTE Pro;;Aston Martin Racing;Aston Martin;
95;0;2;2:15.757;2;;39.359;0;1:00.998;0;35.400;1;185.7;5:14.087;15:05:14.087;0:39.359;1:00.998;0:35.400;262.4;Marco SØRENSEN;;LMGTE Pro;;Aston Martin Racing;Aston Martin;
95;0;3;2:22.183;0;B;39.335;2;1:00.954;2;41.894;0;177.3;7:36.270;15:07:36.270;0:39.335;1:00.954;0:41.894;261.7;Marco SØRENSEN;;LMGTE Pro;;Aston Martin Racing;Aston Martin;
95;1;4;3:55.107;0;;2:09.041;0;1:08.418;0;37.648;0;107.2;11:31.377;15:11:31.377;2:09.041;1:08.418;0:37.648;216.3;Nicki THIIM;0:01:37.548;LMGTE Pro;;Aston Martin Racing;Aston Martin;
95;1;5;2:16.251;0;;39.401;0;1:01.612;1;35.238;2;185.1;13:47.628;15:13:47.628;0:39.401;1:01.612;0:35.238;261.7;Nicki THIIM;;LMGTE Pro;;Aston Martin Racing;Aston Martin;
95;1;6;2:26.869;0;B;39.365;1;1:01.815;0;45.689;0;171.7;16:14.497;15:16:14.497;0:39.365;1:01.815;0:45.689;264.3;Nicki THIIM;;LMGTE Pro;;Aston Martin Racing;Aston Martin;
97;0;1;3:27.913;0;;1:46.350;0;1:04.603;0;36.960;0;119.2;3:27.913;15:03:27.913;1:46.350;1:04.603;0:36.960;220.2;Alexander LYNN;0:01:08.774;LMGTE Pro;;Aston Martin Racing;Aston Martin;
97;0;2;2:15.332;0;;39.375;0;1:00.736;2;35.221;1;186.3;5:43.245;15:05:43.245;0:39.375;1:00.736;0:35.221;263.0;Alexander LYNN;;LMGTE Pro;;Aston Martin Racing;Aston Martin;
97;0;3;2:15.237;0;;39.182;1;1:00.780;0;35.275;0;186.4;7:58.482;15:07:58.482;0:39.182;1:00.780;0:35.275;262.4;Alexander LYNN;;LMGTE Pro;;Aston Martin Racing;Aston Martin;
97;0;4;2:28.257;0;B;40.720;0;1:04.382;0;43.155;0;170.1;10:26.739;15:10:26.739;0:40.720;1:04.382;0:43.155;252.0;Alexander LYNN;;LMGTE Pro;;Aston Martin Racing;Aston Martin;
97;1;5;4:12.039;0;;2:27.211;0;1:07.583;0;37.245;0;100.0;14:38.778;15:14:38.778;2:27.211;1:07.583;0:37.245;248.5;Maxime MARTIN;0:01:55.737;LMGTE Pro;;Aston Martin Racing;Aston Martin;
97;1;6;2:15.018;2;;39.181;2;1:00.743;1;35.094;2;186.7;16:53.796;15:16:53.796;0:39.181;1:00.743;0:35.094;264.3;Maxime MARTIN;;LMGTE Pro;;Aston Martin Racing;Aston Martin;
97;1;7;2:25.067;0;B;39.185;0;1:01.294;0;44.588;0;173.8;19:18.863;15:19:18.863;0:39.185;1:01.294;0:44.588;264.3;Maxime MARTIN;;LMGTE Pro;;Aston Martin Racing;Aston Martin;
98;1;1;3:52.811;0;;2:08.187;0;1:06.011;0;38.613;0;106.4;3:52.811;15:03:52.811;2:08.187;1:06.011;0:38.613;223.4;Pedro LAMY;0:01:33.059;LMGTE Am;;Aston Martin Racing;Aston Martin;
98;1;2;2:15.840;0;;39.335;0;1:01.701;0;34.804;2;185.6;6:08.651;15:06:08.651;0:39.335;1:01.701;0:34.804;266.9;Pedro LAMY;;LMGTE Am;;Aston Martin Racing;Aston Martin;
98;1;3;2:15.430;2;;38.867;2;1:01.524;2;35.039;0;186.2;8:24.081;15:08:24.081;0:38.867;1:01.524;0:35.039;268.2;Pedro LAMY;;LMGTE Am;;Aston Martin Racing;Aston Martin;
98;1;4;2:23.571;0;B;39.042;0;1:02.749;0;41.780;0;175.6;10:47.652;15:10:47.652;0:39.042;1:02.749;0:41.780;266.9;Pedro LAMY;;LMGTE Am;;Aston Martin Racing;Aston Martin;
98;0;5;3:59.775;0;;2:18.918;0;1:04.750;0;36.107;0;105.2;14:47.427;15:14:47.427;2:18.918;1:04.750;0:36.107;261.7;Paul DALLA LANA;0:01:46.948;LMGTE Am;;Aston Martin Racing;Aston Martin;
98;0;6;2:17.686;0;;39.494;0;1:02.745;0;35.447;0;183.1;17:05.113;15:17:05.113;0:39.494;1:02.745;0:35.447;266.9;Paul DALLA LANA;;LMGTE Am;;Aston Martin Racing;Aston Martin;
98;0;7;2:22.417;0;;39.859;0;1:04.570;0;37.988;0;177.0;19:27.530;15:19:27.530;0:39.859;1:04.570;0:37.988;265.6;Paul DALLA LANA;;LMGTE Am;;Aston Martin Racing;Aston Martin;
98;0;8;2:17.289;0;;39.242;0;1:02.640;1;35.407;1;183.7;21:44.819;15:21:44.819;0:39.242;1:02.640;0:35.407;266.2;Paul DALLA LANA;;LMGTE Am;;Aston Martin Racing;Aston Martin;
98;0;9;2:25.969;0;;39.220;1;1:05.301;0;41.448;0;172.7;24:10.788;15:24:10.788;0:39.220;1:05.301;0:41.448;266.9;Paul DALLA LANA;;LMGTE Am;;Aston Martin Racing;Aston Martin;
98;0;10;2:28.471;0;B;39.408;0;1:03.761;0;45.302;0;169.8;26:39.259;15:26:39.259;0:39.408;1:03.761;0:45.302;269.6;Paul DALLA LANA;;LMGTE Am;;Aston Martin Racing;Aston Martin;
